year,marketing_airline,pax,basis
2013,FR,1743352,one-way departures
2013,EI,1071339,one-way departures
2013,BA,117707,one-way departures
2013,AF,75511,one-way departures
2013,BE,60956,one-way departures
2013,W2,4811,one-way departures
2013,AC,2866,one-way departures
2013,ZZ,1530,one-way departures
2013,AA,798,one-way departures
2013,YY,320,one-way departures
2013,XX,287,one-way departures
2013,EY,284,one-way departures
2013,RE,224,one-way departures
2013,UA,196,one-way departures
2013,BD,139,one-way departures
2013,LS,123,one-way departures
2013,IE,108,one-way departures
2013,R2,99,one-way departures
2013,VS,20,one-way departures
2013,U2,13,one-way departures
2013,OB,12,one-way departures
2013,AE,11,one-way departures
2013,E1,10,one-way departures
2013,MH,9,one-way departures
2013,7S,8,one-way departures
2013,X6,7,one-way departures
2013,AL,7,one-way departures
2013,EL,4,one-way departures
2013,TP,4,one-way departures
2013,AZ,3,one-way departures
2013,EO,3,one-way departures
2013,LH,3,one-way departures
2013,RI,2,one-way departures
2013,XH,2,one-way departures
2013,AI,2,one-way departures
2013,EU,1,one-way departures
2013,BS,1,one-way departures
2013,7X,1,one-way departures
2013,W6,1,one-way departures
2013,X1,1,one-way departures
2013,FS,0,one-way departures
2014,FR,1982238,one-way departures
2014,EI,818832,one-way departures
2014,BA,152836,one-way departures
2014,BE,91545,one-way departures
2014,WX,54167,one-way departures
2014,AF,36975,one-way departures
2014,AC,10631,one-way departures
2014,ZZ,3050,one-way departures
2014,??,1499,one-way departures
2014,AA,1186,one-way departures
2014,EY,688,one-way departures
2014,UA,372,one-way departures
2014,YY,302,one-way departures
2014,XX,248,one-way departures
2014,IE,191,one-way departures
2014,RE,154,one-way departures
2014,US,99,one-way departures
2014,NO,46,one-way departures
2014,LS,24,one-way departures
2014,X6,18,one-way departures
2014,R2,17,one-way departures
2014,U2,16,one-way departures
2014,AE,16,one-way departures
2014,E1,15,one-way departures
2014,QR,9,one-way departures
2014,XH,6,one-way departures
2014,EO,5,one-way departures
2014,EL,5,one-way departures
2014,ZB,4,one-way departures
2014,FL,3,one-way departures
2014,E2,2,one-way departures
2014,9F,2,one-way departures
2014,AZ,2,one-way departures
2014,A3,1,one-way departures
2014,YA,1,one-way departures
2014,UX,1,one-way departures
2014,Z3,1,one-way departures
2015,FR,2328054,one-way departures
2015,EI,1119888,one-way departures
2015,BA,201975,one-way departures
2015,WX,109507,one-way departures
2015,BE,96383,one-way departures
2015,AF,8321,one-way departures
2015,AC,4335,one-way departures
2015,AA,1522,one-way departures
2015,ZZ,1048,one-way departures
2015,US,482,one-way departures
2015,EY,407,one-way departures
2015,??,356,one-way departures
2015,YY,310,one-way departures
2015,XX,199,one-way departures
2015,IE,173,one-way departures
2015,UA,92,one-way departures
2015,NO,15,one-way departures
2015,HR,13,one-way departures
2015,U2,11,one-way departures
2015,JL,10,one-way departures
2015,FE,7,one-way departures
2015,7S,6,one-way departures
2015,RD,5,one-way departures
2015,BV,5,one-way departures
2015,RF,4,one-way departures
2015,EO,3,one-way departures
2015,EL,3,one-way departures
2015,AE,3,one-way departures
2015,QR,2,one-way departures
2015,S7,2,one-way departures
2015,SI,2,one-way departures
2015,X1,1,one-way departures
2015,XT,1,one-way departures
2016,FR,2683138,one-way departures
2016,EI,852718,one-way departures
2016,BA,278353,one-way departures
2016,WX,114028,one-way departures
2016,BE,91980,one-way departures
2016,AF,10088,one-way departures
2016,AC,9693,one-way departures
2016,AA,1903,one-way departures
2016,EY,929,one-way departures
2016,ZZ,831,one-way departures
2016,UA,368,one-way departures
2016,YY,317,one-way departures
2016,XX,277,one-way departures
2016,OK,135,one-way departures
2016,IE,112,one-way departures
2016,9G,45,one-way departures
2016,LM,16,one-way departures
2016,LS,9,one-way departures
2016,E1,9,one-way departures
2016,U2,7,one-way departures
2016,AE,6,one-way departures
2016,GK,6,one-way departures
2016,XH,5,one-way departures
2016,EU,4,one-way departures
2016,0Z,4,one-way departures
2016,WW,3,one-way departures
2016,BS,3,one-way departures
2016,EL,3,one-way departures
2016,ZX,2,one-way departures
2016,JL,2,one-way departures
2016,W1,2,one-way departures
2016,R2,2,one-way departures
2016,CF,2,one-way departures
2016,W6,2,one-way departures
2016,NM,2,one-way departures
2016,NO,1,one-way departures
2016,FF,1,one-way departures
2016,QR,1,one-way departures
2016,AY,1,one-way departures
2017,FR,2697268,one-way departures
2017,EI,1022698,one-way departures
2017,BA,359581,one-way departures
2017,WX,129165,one-way departures
2017,BE,123620,one-way departures
2017,AC,5118,one-way departures
2017,AF,3428,one-way departures
2017,AA,1843,one-way departures
2017,LM,1803,one-way departures
2017,ZZ,835,one-way departures
2017,IE,810,one-way departures
2017,EY,771,one-way departures
2017,UA,271,one-way departures
2017,9G,216,one-way departures
2017,XX,194,one-way departures
2017,YY,164,one-way departures
2017,??,104,one-way departures
2017,JL,93,one-way departures
2017,CJ,69,one-way departures
2017,QR,66,one-way departures
2017,9B,19,one-way departures
2017,XH,8,one-way departures
2017,E1,7,one-way departures
2017,U2,5,one-way departures
2017,EU,4,one-way departures
2017,YA,4,one-way departures
2017,LS,4,one-way departures
2017,9F,4,one-way departures
2017,WW,2,one-way departures
2017,SK,2,one-way departures
2017,AE,2,one-way departures
2017,VV,2,one-way departures
2017,EZ,2,one-way departures
2017,0Z,2,one-way departures
2017,FE,1,one-way departures
2017,SS,1,one-way departures
2017,H1,1,one-way departures
2017,EL,1,one-way departures
2017,BR,1,one-way departures
2018,FR,2584895,one-way departures
2018,EI,1082801,one-way departures
2018,BA,481880,one-way departures
2018,BE,180909,one-way departures
2018,WX,91729,one-way departures
2018,LM,5608,one-way departures
2018,AC,5599,one-way departures
2018,AA,2040,one-way departures
2018,EY,925,one-way departures
2018,IE,639,one-way departures
2018,ZZ,528,one-way departures
2018,UA,324,one-way departures
2018,HU,299,one-way departures
2018,XX,191,one-way departures
2018,9G,161,one-way departures
2018,YY,113,one-way departures
2018,DL,79,one-way departures
2018,JL,75,one-way departures
2018,GG,15,one-way departures
2018,RE,14,one-way departures
2018,U2,13,one-way departures
2018,MT,12,one-way departures
2018,GK,9,one-way departures
2018,R2,9,one-way departures
2018,AF,9,one-way departures
2018,9B,8,one-way departures
2018,CJ,8,one-way departures
2018,BR,8,one-way departures
2018,FE,7,one-way departures
2018,EU,4,one-way departures
2018,EL,3,one-way departures
2018,E1,3,one-way departures
2018,W6,3,one-way departures
2018,GR,3,one-way departures
2018,PK,3,one-way departures
2018,X6,2,one-way departures
2018,RT,2,one-way departures
2018,RR,2,one-way departures
2018,VY,1,one-way departures
2018,9F,1,one-way departures
2018,WN,1,one-way departures
2018,FY,1,one-way departures
2018,LS,1,one-way departures
2018,F2,1,one-way departures
2018,I1,1,one-way departures
2018,AE,1,one-way departures
2018,8X,1,one-way departures
2018,FL,1,one-way departures
2019,FR,2742247,one-way departures
2019,EI,874986,one-way departures
2019,BA,771295,one-way departures
2019,BE,118263,one-way departures
2019,LM,6870,one-way departures
2019,AA,3168,one-way departures
2019,AC,2799,one-way departures
2019,HU,2136,one-way departures
2019,EY,498,one-way departures
2019,UA,429,one-way departures
2019,??,347,one-way departures
2019,XX,198,one-way departures
2019,ZZ,179,one-way departures
2019,IE,135,one-way departures
2019,YY,126,one-way departures
2019,9G,104,one-way departures
2019,R1,47,one-way departures
2019,9B,32,one-way departures
2019,JL,28,one-way departures
2019,WX,27,one-way departures
2019,R2,24,one-way departures
2019,U2,13,one-way departures
2019,PK,13,one-way departures
2019,FE,5,one-way departures
2019,XH,3,one-way departures
2019,AF,3,one-way departures
2019,E1,3,one-way departures
2019,LS,3,one-way departures
2019,FL,3,one-way departures
2019,WZ,2,one-way departures
2019,F1,1,one-way departures
2019,RE,1,one-way departures
2019,MA,1,one-way departures
2019,Y1,1,one-way departures
2019,RY,1,one-way departures
2019,GG,1,one-way departures
2019,A3,1,one-way departures
2019,EL,1,one-way departures
2019,RK,1,one-way departures
2019,B2,0,one-way departures
2021,FR,1603961,one-way departures
2021,EI,395323,one-way departures
2021,BA,254377,one-way departures
2021,??,23322,one-way departures
2021,BE,17471,one-way departures
2021,T3,4218,one-way departures
2021,LM,3021,one-way departures
2021,AA,2658,one-way departures
2021,VS,1454,one-way departures
2021,SI,961,one-way departures
2021,UA,778,one-way departures
2021,AC,394,one-way departures
2021,X1,385,one-way departures
2021,EY,134,one-way departures
2021,XX,125,one-way departures
2021,GG,81,one-way departures
2021,YY,57,one-way departures
2021,QR,48,one-way departures
2021,IE,32,one-way departures
2021,JL,31,one-way departures
2021,ZZ,21,one-way departures
2021,R1,18,one-way departures
2021,VG,16,one-way departures
2021,9B,12,one-way departures
2021,W6,9,one-way departures
2021,U2,7,one-way departures
2021,EU,6,one-way departures
2021,EL,5,one-way departures
2021,RK,5,one-way departures
2021,9G,3,one-way departures
2021,RF,2,one-way departures
2021,JV,1,one-way departures
2021,AI,1,one-way departures
2021,E1,1,one-way departures
2021,RY,1,one-way departures
2021,2I,0,one-way departures
2022,FR,2323500,one-way departures
2022,EI,593031,one-way departures
2022,BA,393395,one-way departures
2022,LM,14681,one-way departures
2022,T3,11786,one-way departures
2022,RK,10985,one-way departures
2022,SI,4886,one-way departures
2022,GR,3674,one-way departures
2022,X1,801,one-way departures
2022,AA,596,one-way departures
2022,GG,318,one-way departures
2022,??,169,one-way departures
2022,UA,128,one-way departures
2022,XX,64,one-way departures
2022,EK,56,one-way departures
2022,YY,53,one-way departures
2022,EY,51,one-way departures
2022,IE,35,one-way departures
2022,AC,33,one-way departures
2022,QR,22,one-way departures
2022,VG,19,one-way departures
2022,KQ,10,one-way departures
2022,JL,9,one-way departures
2022,US,9,one-way departures
2022,ZZ,6,one-way departures
2022,EU,6,one-way departures
2022,ZI,4,one-way departures
2022,9B,4,one-way departures
2022,E1,3,one-way departures
2022,U2,2,one-way departures
2022,EL,2,one-way departures
2022,PK,1,one-way departures
2023,FR,2582069,one-way departures
2023,EI,715244,one-way departures
2023,BA,551329,one-way departures
2023,RK,70637,one-way departures
2023,LM,12503,one-way departures
2023,T3,4066,one-way departures
2023,SI,3983,one-way departures
2023,GR,3602,one-way departures
2023,AA,418,one-way departures
2023,GG,334,one-way departures
2023,X1,183,one-way departures
2023,UA,111,one-way departures
2023,XX,88,one-way departures
2023,YY,39,one-way departures
2023,AC,26,one-way departures
2023,JL,24,one-way departures
2023,U2,18,one-way departures
2023,KQ,16,one-way departures
2023,7S,16,one-way departures
2023,IE,13,one-way departures
2023,ZZ,13,one-way departures
2023,W1,6,one-way departures
2023,E1,6,one-way departures
2023,US,5,one-way departures
2023,9B,4,one-way departures
2023,EU,3,one-way departures
2023,LS,2,one-way departures
2023,F9,2,one-way departures
2023,TS,2,one-way departures
2023,RF,2,one-way departures
2023,W6,2,one-way departures
2023,QR,1,one-way departures
2023,BE,1,one-way departures
2023,8X,1,one-way departures
2023,FN,1,one-way departures
2024,FR,2778008,one-way departures
2024,EI,754427,one-way departures
2024,BA,719697,one-way departures
2024,RK,80019,one-way departures
2024,QR,10399,one-way departures
2024,LM,7119,one-way departures
2024,SI,4071,one-way departures
2024,GR,2067,one-way departures
2024,??,1823,one-way departures
2024,AA,557,one-way departures
2024,X1,119,one-way departures
2024,GG,68,one-way departures
2024,YY,32,one-way departures
2024,XX,24,one-way departures
2024,JL,23,one-way departures
2024,AC,19,one-way departures
2024,ZZ,6,one-way departures
2024,KQ,4,one-way departures
2024,E1,2,one-way departures
2024,EL,2,one-way departures
2024,8X,1,one-way departures
2025,FR,2990425,one-way departures
2025,EI,675390,one-way departures
2025,BA,622640,one-way departures
2025,RK,49898,one-way departures
2025,LM,10222,one-way departures
2025,GR,3620,one-way departures
2025,SI,3266,one-way departures
2025,QR,569,one-way departures
2025,AA,566,one-way departures
2025,X1,358,one-way departures
2025,KK,130,one-way departures
2025,XX,125,one-way departures
2025,ZZ,35,one-way departures
2025,YY,13,one-way departures
2025,8X,11,one-way departures
2025,AC,6,one-way departures
2025,JL,6,one-way departures
2025,LA,4,one-way departures
2025,E1,1,one-way departures
2025,GG,1,one-way departures
2025,KQ,1,one-way departures
