destination_airport,gcd_km,ni_origin_pax_2025,co2_kg_per_departing_pax,co2_tonnes_per_departing_pax,basis
MAN,295,386546,41.5,0.0415,one-way departures; LF 0.88; 3.16 kgCO2/kg fuel
LGW,555,337101,64.9,0.0649,one-way departures; LF 0.88; 3.16 kgCO2/kg fuel
EDI,231,310186,37.4,0.0374,one-way departures; LF 0.88; 3.16 kgCO2/kg fuel
BHX,364,275385,43.9,0.0439,one-way departures; LF 0.88; 3.16 kgCO2/kg fuel
STN,526,253624,60.7,0.0607,one-way departures; LF 0.88; 3.16 kgCO2/kg fuel
LPL,262,247716,43.6,0.0436,one-way departures; LF 0.88; 3.16 kgCO2/kg fuel
GLA,193,206714,35.3,0.0353,one-way departures; LF 0.88; 3.16 kgCO2/kg fuel
LTN,495,201588,60.8,0.0608,one-way departures; LF 0.88; 3.16 kgCO2/kg fuel
LHR,502,180654,54.4,0.0544,one-way departures; LF 0.88; 3.16 kgCO2/kg fuel
BRS,431,149879,52.0,0.052,one-way departures; LF 0.88; 3.16 kgCO2/kg fuel
ALC,1868,136819,148.6,0.1486,one-way departures; LF 0.88; 3.16 kgCO2/kg fuel
AGP,2002,129157,157.1,0.1571,one-way departures; LF 0.88; 3.16 kgCO2/kg fuel
NCL,291,120508,45.6,0.0456,one-way departures; LF 0.88; 3.16 kgCO2/kg fuel
FAO,1965,119761,155.5,0.1555,one-way departures; LF 0.88; 3.16 kgCO2/kg fuel
PMI,1806,106771,146.6,0.1466,one-way departures; LF 0.88; 3.16 kgCO2/kg fuel
TFS,3074,98658,224.7,0.2247,one-way departures; LF 0.88; 3.16 kgCO2/kg fuel
ACE,2919,80665,215.4,0.2154,one-way departures; LF 0.88; 3.16 kgCO2/kg fuel
LBA,307,78647,32.5,0.0325,one-way departures; LF 0.88; 3.16 kgCO2/kg fuel
CDG,866,64602,83.7,0.0837,one-way departures; LF 0.88; 3.16 kgCO2/kg fuel
SOU,507,63985,42.8,0.0428,one-way departures; LF 0.88; 3.16 kgCO2/kg fuel
LCY,525,61362,48.6,0.0486,one-way departures; LF 0.88; 3.16 kgCO2/kg fuel
AMS,768,48786,70.4,0.0704,one-way departures; LF 0.88; 3.16 kgCO2/kg fuel
KRK,1823,45593,144.4,0.1444,one-way departures; LF 0.88; 3.16 kgCO2/kg fuel
REU,1596,32167,131.9,0.1319,one-way departures; LF 0.88; 3.16 kgCO2/kg fuel
EMA,380,29846,43.3,0.0433,one-way departures; LF 0.88; 3.16 kgCO2/kg fuel
DLM,3315,29669,240.1,0.2401,one-way departures; LF 0.88; 3.16 kgCO2/kg fuel
AYT,3420,28108,247.0,0.247,one-way departures; LF 0.88; 3.16 kgCO2/kg fuel
LPA,3063,26246,224.2,0.2242,one-way departures; LF 0.88; 3.16 kgCO2/kg fuel
FUE,2976,22015,218.1,0.2181,one-way departures; LF 0.88; 3.16 kgCO2/kg fuel
BUD,1936,20325,148.1,0.1481,one-way departures; LF 0.88; 3.16 kgCO2/kg fuel
BCN,1605,19987,144.8,0.1448,one-way departures; LF 0.88; 3.16 kgCO2/kg fuel
CWL,396,19653,32.7,0.0327,one-way departures; LF 0.88; 3.16 kgCO2/kg fuel
PRG,1469,19040,127.1,0.1271,one-way departures; LF 0.88; 3.16 kgCO2/kg fuel
GDN,1582,18909,126.0,0.126,one-way departures; LF 0.88; 3.16 kgCO2/kg fuel
IBZ,1843,18768,146.1,0.1461,one-way departures; LF 0.88; 3.16 kgCO2/kg fuel
RHO,3298,17875,238.8,0.2388,one-way departures; LF 0.88; 3.16 kgCO2/kg fuel
HRG,4439,17759,307.3,0.3073,one-way departures; LF 0.88; 3.16 kgCO2/kg fuel
KUN,1925,17508,146.4,0.1464,one-way departures; LF 0.88; 3.16 kgCO2/kg fuel
MLA,2620,15332,190.6,0.1906,one-way departures; LF 0.88; 3.16 kgCO2/kg fuel
GRO,1561,15172,127.5,0.1275,one-way departures; LF 0.88; 3.16 kgCO2/kg fuel
NBE,2425,14901,197.1,0.1971,one-way departures; LF 0.88; 3.16 kgCO2/kg fuel
CFU,2560,13251,188.9,0.1889,one-way departures; LF 0.88; 3.16 kgCO2/kg fuel
LCA,3756,12397,266.6,0.2666,one-way departures; LF 0.88; 3.16 kgCO2/kg fuel
RAK,2565,11878,187.7,0.1877,one-way departures; LF 0.88; 3.16 kgCO2/kg fuel
MAH,1817,10782,147.3,0.1473,one-way departures; LF 0.88; 3.16 kgCO2/kg fuel
OPO,1502,10383,123.6,0.1236,one-way departures; LF 0.88; 3.16 kgCO2/kg fuel
BGY,1503,10374,119.5,0.1195,one-way departures; LF 0.88; 3.16 kgCO2/kg fuel
VLC,1738,9426,139.2,0.1392,one-way departures; LF 0.88; 3.16 kgCO2/kg fuel
EXT,462,8366,35.5,0.0355,one-way departures; LF 0.88; 3.16 kgCO2/kg fuel
HER,3220,8286,236.8,0.2368,one-way departures; LF 0.88; 3.16 kgCO2/kg fuel
BVA,808,7793,72.7,0.0727,one-way departures; LF 0.88; 3.16 kgCO2/kg fuel
ABZ,365,7359,43.9,0.0439,one-way departures; LF 0.88; 3.16 kgCO2/kg fuel
INV,343,7004,33.5,0.0335,one-way departures; LF 0.88; 3.16 kgCO2/kg fuel
DBV,2226,4897,171.3,0.1713,one-way departures; LF 0.88; 3.16 kgCO2/kg fuel
PFO,3701,4743,268.5,0.2685,one-way departures; LF 0.88; 3.16 kgCO2/kg fuel
BJV,3201,4699,235.5,0.2355,one-way departures; LF 0.88; 3.16 kgCO2/kg fuel
VRN,1588,3639,129.3,0.1293,one-way departures; LF 0.88; 3.16 kgCO2/kg fuel
FNC,2578,3604,194.5,0.1945,one-way departures; LF 0.88; 3.16 kgCO2/kg fuel
ZTH,2773,3405,207.3,0.2073,one-way departures; LF 0.88; 3.16 kgCO2/kg fuel
IOM,100,663,20.1,0.0201,one-way departures; LF 0.88; 3.16 kgCO2/kg fuel
KGS,3207,23,235.9,0.2359,one-way departures; LF 0.88; 3.16 kgCO2/kg fuel
