dim,cell,n,raw_ratio,factor,stable,published
carrier_type,ULCC,79,1.091,1.084,,False
carrier_type,FSC,29,0.874,0.896,,False
carrier_type,LCC,17,1.161,1.119,,False
carrier_type|country,ULCC|ES,13,0.738,0.821,,False
carrier_type|country,ULCC|IT,13,0.842,0.892,,False
carrier_type|country,ULCC|GB,9,0.662,0.797,,False
carrier_type|country,ULCC|PL,9,1.621,1.372,,False
carrier_type|country,ULCC|US,8,0.723,0.842,,False
carrier_type|country,ULCC|RO,6,2.859,1.93,,False
carrier_type|country,FSC|IT,4,0.658,0.863,,False
carrier_type|country,ULCC|FR,4,0.898,0.959,,False
carrier_type|country,FSC|UA,3,1.233,1.078,,False
carrier_type|country,LCC|NL,3,0.977,0.992,,False
carrier_type|country,FSC|FR,3,0.874,0.958,,False
carrier_type|country,FSC|GB,3,0.971,0.99,,False
carrier_type|country,LCC|ES,3,0.868,0.956,,False
carrier_type|country,ULCC|DE,3,1.895,1.298,,False
carrier_type|country,FSC|US,3,0.512,0.837,,False
carrier_type|country,ULCC|PT,2,5.105,2.026,,False
carrier_type|country,ULCC|RS,2,6.256,2.314,,False
carrier_type|country,FSC|NL,2,1.906,1.227,,False
carrier_type|country,FSC|BG,2,0.551,0.888,,False
carrier_type|country,ULCC|SE,2,1.401,1.1,,False
carrier_type|country,LCC|FR,2,3.688,1.672,,False
carrier_type|country,LCC|US,2,1.183,1.046,,False
carrier_type|country,ULCC|BG,1,1.389,1.056,,False
carrier_type|country,LCC|GB,1,4.86,1.551,,False
carrier_type|country,FSC|CZ,1,0.334,0.905,,False
carrier_type|country,LCC|HR,1,0.336,0.905,,False
carrier_type|country,FSC|AT,1,0.332,0.905,,False
carrier_type|country,ULCC|MT,1,1.514,1.073,,False
carrier_type|country,LCC|AT,1,5.019,1.574,,False
carrier_type|country,LCC|PT,1,9.813,2.259,,False
carrier_type|country,FSC|HR,1,2.495,1.214,,False
carrier_type|country,ULCC|HU,1,3.592,1.37,,False
carrier_type|country,ULCC|HR,1,0.107,0.872,,False
carrier_type|country,ULCC|AT,1,1.091,1.013,,False
carrier_type|country,FSC|PT,1,10.495,2.356,,False
carrier_type|country,LCC|IT,1,0.437,0.92,,False
carrier_type|country,ULCC|NL,1,0.615,0.945,,False
carrier_type|country,FSC|PL,1,2.063,1.152,,False
carrier_type|country,FSC|CH,1,0.571,0.939,,False
carrier_type|country,FSC|ES,1,0.502,0.929,,False
carrier_type|country,LCC|SE,1,0.995,0.999,,False
carrier_type|country,ULCC|LU,1,1.237,1.034,,False
carrier_type|country,FSC|DE,1,1.113,1.016,,False
carrier_type|country,ULCC|DK,1,0.204,0.886,,False
carrier_type|country,FSC|NO,1,0.742,0.963,,False
carrier_type|country,LCC|GR,1,1.808,1.115,,False
carrier|country,FR|IT,10,0.822,0.889,,False
carrier|country,FR|ES,7,3.744,2.477,,False
carrier|country,W6|RO,5,2.516,1.689,,False
carrier|country,FR|GB,5,1.039,1.018,,False
carrier|country,G4|US,5,0.926,0.966,,False
carrier|country,FR|PL,4,1.314,1.126,,False
carrier|country,W6|PL,4,4.999,2.5,,False
carrier|country,U2|ES,4,0.693,0.877,,False
carrier|country,HV|NL,3,0.977,0.992,,False
carrier|country,W6|IT,3,7.109,2.5,,False
carrier|country,U2|GB,3,0.577,0.859,,False
carrier|country,FR|FR,3,1.133,1.044,,False
carrier|country,FR|DE,3,1.895,1.298,,False
carrier|country,PS|UA,2,1.152,1.038,,False
carrier|country,VY|ES,2,0.298,0.825,,False
carrier|country,XK|FR,2,0.782,0.946,,False
carrier|country,FR|PT,2,5.105,2.026,,False
carrier|country,W6|RS,2,6.256,2.314,,False
carrier|country,KL|NL,2,1.906,1.227,,False
carrier|country,XG|BG,2,0.551,0.888,,False
carrier|country,LS|ES,2,0.686,0.921,,False
carrier|country,FR|SE,2,1.401,1.1,,False
carrier|country,V7|FR,2,3.688,1.672,,False
carrier|country,F9|US,2,0.373,0.843,,False
carrier|country,EW|GB,1,0.656,0.951,,False
carrier|country,W6|BG,1,1.389,1.056,,False
carrier|country,NO|IT,1,0.979,0.997,,False
carrier|country,A3|FR,1,1.018,1.003,,False
carrier|country,0B|GB,1,0.413,0.916,,False
carrier|country,LS|GB,1,4.86,1.551,,False
carrier|country,IG|IT,1,0.216,0.888,,False
carrier|country,BE|CZ,1,0.334,0.905,,False
carrier|country,FR|RO,1,4.414,1.488,,False
carrier|country,TO|HR,1,0.336,0.905,,False
carrier|country,BA|AT,1,0.332,0.905,,False
carrier|country,W6|MT,1,1.514,1.073,,False
carrier|country,TOM|GB,1,0.971,0.996,,False
carrier|country,V7|AT,1,5.019,1.574,,False
carrier|country,LS|PT,1,9.813,2.259,,False
carrier|country,4U|HR,1,2.495,1.214,,False
carrier|country,W6|HU,1,3.592,1.37,,False
carrier|country,U2|HR,1,0.107,0.872,,False
carrier|country,EW|AT,1,1.091,1.013,,False
carrier|country,ZB|PT,1,10.495,2.356,,False
carrier|country,HV|IT,1,0.437,0.92,,False
carrier|country,FR|NL,1,0.615,0.945,,False
carrier|country,LO|PL,1,2.063,1.152,,False
carrier|country,LX|CH,1,0.571,0.939,,False
carrier|country,LX|ES,1,0.502,0.929,,False
carrier|country,HV|SE,1,0.995,0.999,,False
carrier|country,BE|GB,1,1.505,1.072,,False
carrier|country,U2|FR,1,0.268,0.895,,False
carrier|country,FR|LU,1,1.237,1.034,,False
carrier|country,BA|IT,1,0.337,0.905,,False
carrier|country,V7|ES,1,1.161,1.023,,False
carrier|country,LH|DE,1,1.113,1.016,,False
carrier|country,FR|DK,1,0.204,0.886,,False
carrier|country,B6|US,1,1.094,1.013,,False
carrier|country,DL|US,1,0.512,0.93,,False
carrier|country,0B|NO,1,0.742,0.963,,False
carrier|country,NK|US,1,2.0,1.143,,False
carrier|country,WN|US,1,1.273,1.039,,False
carrier|country,AA|US,1,0.464,0.923,,False
carrier|country,EW|PL,1,0.74,0.963,,False
carrier|country,A3|IT,1,3.612,1.373,,False
carrier|country,AZ|UA,1,1.363,1.052,,False
carrier|country,TO|GR,1,1.808,1.115,,False
carrier|country,AS|US,1,2.402,1.2,,False
