airport,factor(target1.05),n_routes,stable_over_time
CTU,1.047,14,
SVO,0.845,13,
TAO,1.426,12,
CKG,0.968,12,
VKO,0.777,11,
TLV,1.472,10,
HAK,1.01,10,
LHR,0.63,10,
CDG,1.162,10,
SZX,0.746,10,
DSS,1.706,10,
DEL,1.077,9,
MCO,0.903,9,
NNG,1.549,9,
LHW,1.22,9,
AUS,0.709,8,
CSX,1.427,8,
HGH,1.189,8,
JFK,0.726,8,
KWE,0.995,8,
TNA,1.282,8,
WMT,1.709,8,
LAX,0.895,7,
FLL,1.37,7,
IAD,0.545,7,
NKG,1.052,7,
TSN,0.988,7,
FCO,1.007,7,
DME,1.01,7,
BGY,1.171,7,
KRK,1.283,7,
MAD,0.888,7,
MEL,0.88,7,
BCN,0.777,7,
LTN,0.608,7,
XIY,1.267,7,
OAK,0.801,7,
WUH,1.2,7,
DMK,0.935,7,
SFO,0.752,7,
PVG,1.038,6,
ZUH,1.455,6,
AMS,0.939,6,
LGW,1.235,6,
MXP,0.844,6,
WNZ,1.379,6,
EWR,0.851,6,
LED,1.465,6,
FRA,0.944,6,
NRT,0.859,6,
HRB,1.329,6,
RTM,0.658,6,
BUD,1.348,6,
ORY,1.377,6,
SLC,0.695,6,
AGP,1.337,5,
KMG,1.196,5,
CGO,1.606,5,
YVR,0.832,5,
KBP,1.129,5,
SEA,1.144,5,
COR,1.27,5,
BKK,1.235,5,
NTE,1.208,5,
DEN,0.699,5,
KWL,1.284,5,
LIS,0.794,5,
DUB,1.254,5,
AMD,1.537,5,
THR,0.591,5,
IEV,1.186,4,
TBS,1.206,4,
PRG,0.956,4,
KTW,0.907,4,
LAS,0.877,4,
BRU,0.889,4,
WRO,1.936,4,
EZE,1.231,4,
SJC,1.243,4,
XMN,1.239,4,
JJN,0.917,4,
DTW,0.801,4,
SAN,0.683,4,
MEX,0.909,4,
ZAG,0.846,4,
NRN,0.813,4,
PEK,1.063,4,
KHN,1.111,4,
CGQ,0.977,4,
FEZ,1.546,4,
SEN,0.463,4,
SDF,1.335,4,
DFW,0.867,4,
WAW,1.171,4,
ATH,1.066,4,
MYR,1.054,4,
TPE,0.923,4,
HAJ,1.429,4,
OTP,0.925,4,
SIN,0.883,4,
HKT,0.981,4,
FOC,1.073,4,
MNL,0.987,4,
CVG,0.768,4,
SGN,1.25,4,
HUZ,1.435,4,
URC,1.016,4,
BLR,0.764,4,
ORD,0.714,4,
CPH,0.697,4,
AMM,1.215,4,
LKO,1.361,4,
LYG,0.907,4,
REC,1.262,4,
TTN,0.64,4,
CRL,0.924,3,
DOH,1.037,3,
VIE,0.95,3,
SOF,1.353,3,
MAN,1.129,3,
MAA,0.729,3,
KEF,1.29,3,
PHX,0.864,3,
JAI,1.753,3,
SJW,1.28,3,
BOM,0.868,3,
EDI,0.838,3,
MRS,0.929,3,
OPO,0.795,3,
CGN,0.714,3,
BOD,1.345,3,
IST,0.775,3,
HAV,2.296,3,
ARN,0.945,3,
RIX,1.525,3,
GOA,1.105,3,
BOS,1.118,3,
LGB,1.015,3,
DLC,1.19,3,
JOG,1.822,3,
ALC,1.546,3,
LIM,1.071,3,
HKG,1.354,3,
MCT,0.988,3,
SHJ,0.973,3,
DUS,0.728,3,
SAV,1.036,3,
ICN,0.91,3,
LCA,1.044,3,
MLA,1.219,3,
TSF,1.015,3,
STR,1.177,3,
KOW,1.211,3,
CEB,1.418,3,
TYN,0.963,3,
CLE,0.686,3,
DYG,0.986,3,
SAT,1.095,3,
LIN,0.523,3,
KZN,1.138,3,
RDU,0.871,3,
HFE,1.233,3,
INC,1.472,3,
KUL,0.968,3,
NGO,1.106,3,
HET,0.778,3,
LPA,0.669,3,
RAK,1.319,3,
KIX,0.993,3,
YUL,0.927,3,
MSP,0.757,3,
STN,1.451,3,
IND,1.037,3,
DLU,1.745,3,
PIT,0.848,3,
GRU,1.062,3,
PHL,0.826,3,
VNO,1.414,2,
BSL,1.261,2,
FSC,0.837,2,
ZIA,1.046,2,
ZRH,0.972,2,
SSH,1.971,2,
GLA,0.792,2,
BRI,0.902,2,
OVB,1.439,2,
CAN,1.224,2,
MSY,1.002,2,
KOE,0.713,2,
PKY,1.549,2,
ZHA,1.313,2,
SUB,1.1,2,
CGK,1.584,2,
XNN,1.238,2,
SMF,0.777,2,
LAP,0.823,2,
EIN,0.989,2,
BIA,1.542,2,
GRO,1.312,2,
LPL,0.742,2,
NCE,0.933,2,
MSQ,1.622,2,
JTC,1.218,2,
SAP,1.031,2,
SAW,1.181,2,
LIL,0.957,2,
SDU,0.999,2,
YHM,0.803,2,
KKJ,0.762,2,
CTS,0.759,2,
LUM,1.251,2,
HYD,1.28,2,
SYX,1.36,2,
EYW,0.972,2,
BTS,0.951,2,
MUC,1.042,2,
TLL,0.959,2,
VLC,1.121,2,
TLS,1.237,2,
PDX,0.892,2,
CMN,1.132,2,
CCU,0.789,2,
BDJ,0.979,2,
GOT,1.008,2,
PGD,1.048,2,
HNY,1.351,2,
DPS,1.074,2,
NGB,0.868,2,
PLW,1.054,2,
TXL,1.321,2,
SKG,1.005,2,
FNI,1.225,2,
ADB,0.917,2,
CUU,1.394,2,
NQN,1.486,2,
MIA,0.906,2,
CIA,0.777,2,
SPU,1.222,2,
BLQ,1.191,2,
NAP,1.0,2,
LYS,1.486,2,
VCE,0.886,2,
PVD,0.764,2,
OMA,0.885,2,
KBV,1.005,2,
DOY,1.24,2,
MIG,1.057,2,
HJJ,1.141,2,
WUX,1.267,2,
CLJ,0.812,2,
FUO,1.191,2,
GEG,0.906,2,
KBL,1.197,2,
CUZ,1.21,2,
MDZ,1.233,2,
DXB,1.032,2,
MDW,0.859,2,
BPE,1.266,2,
EOH,0.684,2,
NUE,1.184,2,
ATL,1.151,2,
DVO,1.128,2,
JHG,1.345,2,
NTG,1.169,2,
CLT,0.979,2,
SYD,0.966,2,
SQD,1.214,2,
RUH,1.177,2,
BNE,1.385,2,
CXR,0.992,2,
DMM,0.958,2,
HLD,1.01,2,
HAN,1.318,2,
IAH,0.795,2,
TNG,1.422,2,
NAY,0.891,2,
YNT,1.289,2,
MXZ,1.121,2,
ENY,1.128,2,
CCS,1.302,2,
HEL,0.956,2,
SVQ,0.954,2,
VRN,0.904,2,
GOJ,1.324,2,
BGO,0.958,2,
BHX,1.049,2,
BEG,1.07,2,
BAH,1.053,2,
SHA,1.0,2,
LFQ,1.349,2,
HIA,1.235,2,
BSD,1.147,2,
STL,0.914,2,
EPA,0.715,2,
DJJ,0.81,2,
SAL,1.147,2,
LJG,1.029,2,
SBN,1.492,2,
BUF,0.917,2,
BOJ,0.778,1,
SCQ,0.966,1,
TRS,1.081,1,
HAM,1.253,1,
MBJ,1.041,1,
TPA,1.371,1,
BSO,1.135,1,
BCD,0.768,1,
ASJ,1.11,1,
SOC,1.02,1,
SWA,1.054,1,
LMM,1.247,1,
LBD,1.356,1,
HHN,0.91,1,
EZS,0.907,1,
EVN,1.06,1,
BRE,1.242,1,
MPL,1.085,1,
QRO,1.317,1,
POA,0.992,1,
TRN,1.217,1,
OMR,1.416,1,
ABZ,1.665,1,
LCY,0.646,1,
TJM,1.213,1,
BGW,1.48,1,
TSR,0.782,1,
DRS,1.34,1,
IGD,1.029,1,
RTB,1.254,1,
LLF,1.217,1,
CIT,1.243,1,
DAD,1.007,1,
HIJ,1.172,1,
IXB,1.403,1,
TKG,1.101,1,
KHG,1.172,1,
CMB,1.009,1,
KOA,0.963,1,
TVS,0.949,1,
XUZ,0.99,1,
ULN,1.114,1,
ORF,0.852,1,
YOW,0.993,1,
TOL,0.665,1,
JAX,0.904,1,
MMX,0.989,1,
GDN,1.309,1,
PSA,1.209,1,
SJJ,0.946,1,
SLY,1.078,1,
TIA,1.04,1,
GZP,1.298,1,
FDF,1.201,1,
GCM,1.078,1,
ELQ,1.203,1,
BKI,1.486,1,
BKS,1.052,1,
CJB,0.964,1,
VVI,0.976,1,
HMO,1.046,1,
VCP,1.291,1,
DAL,0.971,1,
VPS,0.882,1,
FSD,0.801,1,
MEM,1.03,1,
LXA,1.143,1,
IDR,1.25,1,
JER,0.86,1,
GRZ,1.234,1,
USK,1.237,1,
SVX,1.058,1,
NCL,0.945,1,
MRV,1.397,1,
SCW,1.057,1,
CJS,1.007,1,
SDR,1.106,1,
CCP,1.357,1,
PTX,1.172,1,
NJF,1.103,1,
NSH,1.165,1,
YYZ,0.919,1,
BTW,1.13,1,
USU,1.266,1,
SQJ,1.454,1,
CZX,1.037,1,
GDL,0.887,1,
BGR,0.922,1,
USM,1.121,1,
MLG,0.762,1,
DIG,1.004,1,
URT,1.067,1,
BRS,1.304,1,
PUS,1.166,1,
WDS,1.068,1,
SBP,1.072,1,
KEU,0.835,1,
VAR,0.77,1,
MHD,1.21,1,
ICT,1.052,1,
LYI,1.219,1,
TAC,1.425,1,
BHI,1.256,1,
KRR,1.44,1,
MRU,1.098,1,
GYD,0.969,1,
SNN,1.141,1,
IBZ,0.961,1,
BOG,0.945,1,
LPQ,1.232,1,
TRU,1.13,1,
DJB,1.039,1,
ADL,1.073,1,
TSV,1.244,1,
WHK,0.789,1,
VFA,1.007,1,
USA,1.215,1,
NNY,1.193,1,
KHY,0.986,1,
GRR,0.906,1,
AOG,0.72,1,
WUA,1.087,1,
DGT,1.113,1,
WEH,1.09,1,
SNA,0.983,1,
WGA,0.967,1,
LPF,1.084,1,
SRG,1.092,1,
SAF,1.031,1,
XNA,1.042,1,
BDO,0.949,1,
AVA,0.987,1,
WEF,1.337,1,
WIL,0.847,1,
TUS,1.113,1,
JIQ,1.217,1,
YIH,0.994,1,
PSP,1.046,1,
OKD,0.985,1,
SUN,1.143,1,
TUN,1.218,1,
TAG,1.154,1,
LWO,1.463,1,
BGG,1.004,1,
BKO,1.249,1,
KNO,0.89,1,
KJT,0.936,1,
ITM,1.332,1,
FUK,1.171,1,
YCU,1.155,1,
CRM,1.237,1,
IXA,1.398,1,
BRC,0.985,1,
FKB,1.353,1,
GVA,1.075,1,
KQT,0.859,1,
BIO,1.05,1,
SJO,1.083,1,
AYT,0.874,1,
NAL,1.093,1,
CAI,1.126,1,
KSY,1.031,1,
PNA,1.201,1,
UCT,1.27,1,
LDY,0.999,1,
MIR,1.13,1,
UFA,1.161,1,
ORN,1.025,1,
GUA,0.828,1,
CWB,1.105,1,
PUJ,1.33,1,
PMV,1.207,1,
ACV,1.185,1,
PWM,0.924,1,
LGA,1.073,1,
BWN,1.149,1,
MCX,1.031,1,
NMA,0.958,1,
GZT,1.18,1,
XRY,0.995,1,
HBE,1.457,1,
RZE,0.983,1,
WMI,1.298,1,
AHO,1.319,1,
KUT,1.273,1,
OGZ,0.895,1,
AGA,0.84,1,
IGT,0.926,1,
LEI,1.216,1,
HER,1.345,1,
YHZ,1.138,1,
TBZ,1.2,1,
PMI,0.884,1,
JED,1.069,1,
TOS,1.369,1,
OSL,0.893,1,
DJE,1.323,1,
BHK,0.913,1,
BEY,1.048,1,
PMO,1.023,1,
OKI,1.161,1,
IXE,1.299,1,
VVO,1.005,1,
RGN,0.952,1,
IAO,1.19,1,
CGD,1.246,1,
HLP,1.152,1,
XFN,1.001,1,
TEN,0.97,1,
SJD,0.915,1,
ULV,1.176,1,
LEJ,1.154,1,
TPS,0.745,1,
BZR,0.9,1,
DAC,0.882,1,
TZX,1.172,1,
GRX,1.127,1,
UGC,1.011,1,
SVG,1.469,1,
DWC,0.822,1,
DUR,1.102,1,
PAD,1.099,1,
LFW,0.839,1,
KNU,0.935,1,
DSN,1.344,1,
COK,1.396,1,
KUN,1.213,1,
TLH,1.008,1,
LIT,0.999,1,
SCL,0.854,1,
BMI,1.021,1,
NKC,1.291,1,
HRE,1.014,1,
ALG,1.159,1,
PEN,1.089,1,
ATQ,1.277,1,
IXC,1.139,1,
CJU,1.429,1,
KTM,1.075,1,
PLM,0.937,1,
UDR,1.27,1,
CGY,1.034,1,
SYZ,1.218,1,
TFN,0.801,1,
ROV,1.133,1,
VAN,0.964,1,
HZG,1.346,1,
ENI,1.229,1,
ASE,1.22,1,
SJU,1.038,1,
HUX,1.048,1,
CZM,0.835,1,
BFJ,1.264,1,
UCB,1.058,1,
CYP,1.153,1,
CNF,0.919,1,
NBO,0.838,1,
SJP,0.955,1,
JRO,1.102,1,
FEG,0.996,1,
PEE,1.499,1,
KUH,1.354,1,
LZO,1.105,1,
IXZ,1.11,1,
MLE,1.144,1,
MFM,0.966,1,
PAP,1.106,1,
KOS,1.245,1,
NAO,1.362,1,
KIJ,1.117,1,
RMQ,1.106,1,
MYJ,0.943,1,
HGN,1.471,1,
IQN,0.958,1,
AKL,1.021,1,
PBC,0.839,1,
JBQ,0.855,1,
CAP,0.941,1,
PER,0.976,1,
ONT,0.976,1,
MSN,0.941,1,
OOL,1.048,1,
BUR,1.092,1,
IZO,1.277,1,
JGS,1.064,1,
AOR,1.037,1,
MLM,1.025,1,
IJK,1.033,1,
BIQ,1.025,1,
FOR,1.144,1,
PRN,1.2,1,
MCI,0.977,1,
SXM,1.054,1,
TRO,0.832,1,
YZY,1.47,1,
MGM,1.094,1,
HSV,1.04,1,
ILM,1.041,1,
AVL,0.686,1,
BDL,0.94,1,
GSO,0.816,1,
COS,1.024,1,
CUR,1.197,1,
IBR,0.728,1,
SWF,1.05,1,
TUC,0.93,1,
CRK,1.168,1,
SLA,1.074,1,
MRY,1.458,1,
YQG,0.832,1,
SBA,0.951,1,
ATW,1.06,1,
CRD,0.964,1,
DAY,1.01,1,
HOU,0.989,1,
BJX,0.812,1,
LYA,0.862,1,
YXS,1.056,1,
JNZ,1.276,1,
SHE,1.109,1,
SFB,0.9,1,
MKE,1.114,1,
