airport,country,n,factor,stable,published
SVO,RU,17,1.126,True,True
SZX,CN,14,1.622,True,True
DSS,SN,14,4.166,,False
FRA,DE,13,0.771,False,False
PVG,CN,12,1.351,False,False
MAD,ES,12,2.359,True,True
CKG,CN,12,3.227,False,False
NGB,CN,11,3.23,True,True
YNT,CN,11,2.602,False,False
HNY,CN,10,2.597,False,False
DMK,TH,10,1.741,True,True
BCN,ES,10,0.985,False,False
CRK,PH,9,3.173,True,True
HAK,CN,9,1.886,False,False
TYN,CN,9,2.976,False,False
VKO,RU,9,2.585,False,False
VIE,AT,9,1.693,False,False
LHR,GB,9,0.953,False,False
TLV,IL,9,3.042,False,False
CTU,CN,9,1.708,False,False
FOC,CN,9,1.855,,False
DEN,US,9,0.98,False,False
LGW,GB,9,2.197,True,True
MCO,US,9,0.925,False,False
SYX,CN,8,5.023,,False
KRK,PL,8,1.182,False,False
HUZ,CN,8,2.981,False,False
NKG,CN,8,2.289,True,True
EDI,GB,8,2.114,True,True
BUD,HU,8,6.18,True,True
STN,GB,8,1.219,False,False
JJN,CN,8,1.142,,False
AUS,US,8,0.531,False,False
HYD,IN,7,7.273,True,True
CAN,CN,7,3.479,False,False
TAO,CN,7,2.882,False,False
LKO,IN,7,3.904,False,False
LAX,US,7,1.328,False,False
TBS,GE,7,1.978,False,False
HGH,CN,7,3.106,False,False
WAW,PL,7,2.174,False,False
CDG,FR,7,1.61,,False
SJC,US,7,0.531,True,True
FLL,US,7,2.398,True,True
SVQ,ES,7,1.791,,False
CZX,CN,6,1.855,False,False
FCO,IT,6,0.825,False,False
KHN,CN,6,7.48,True,True
CTA,IT,6,3.026,False,False
KBP,UA,6,1.584,True,True
JFK,US,6,0.776,False,False
VLC,ES,6,0.341,,False
MXP,IT,6,1.486,False,False
PMO,IT,6,0.689,False,False
DXB,AE,6,2.248,True,True
IEV,UA,6,1.415,,False
BGY,IT,6,2.96,,False
BKK,TH,6,4.192,True,True
ZUH,CN,6,2.746,True,True
NAP,IT,6,1.003,True,True
SEA,US,6,1.47,True,True
IAD,US,6,0.63,False,False
OPO,PT,6,2.263,False,False
BNE,AU,6,1.106,False,False
SFO,US,6,1.179,True,True
ADB,TR,6,2.259,False,False
MAA,IN,6,5.644,False,False
WRO,PL,6,1.365,False,False
RAK,MA,6,4.427,False,False
NAO,CN,6,2.052,True,True
SMF,US,6,0.637,True,True
WMT,CN,6,1.983,True,True
NAY,CN,6,1.28,False,False
XAI,CN,6,2.26,,False
WDS,CN,5,1.13,False,False
TNA,CN,5,3.727,,False
VCE,IT,5,0.835,,False
HFE,CN,5,1.753,True,True
DME,RU,5,1.305,False,False
LED,RU,5,4.145,True,True
BHX,GB,5,0.459,False,False
MYR,US,5,0.693,,False
ORD,US,5,1.201,,False
CLJ,RO,5,7.917,,False
BLR,IN,5,6.677,False,False
SYD,AU,5,1.1,True,True
LTN,GB,5,0.725,False,False
AMS,NL,5,1.879,,False
HYN,CN,5,2.54,True,True
NRT,JP,5,1.199,,False
KTW,PL,5,1.236,,False
NUE,DE,5,1.683,,False
HAV,CU,5,10.582,,False
KIV,,5,1.957,False,False
TKG,ID,5,1.1,,False
MLA,MT,5,1.963,,False
DUB,IE,5,0.798,,False
QRO,MX,5,2.249,,False
DCA,US,5,1.108,True,True
ATH,GR,5,1.061,,False
PHX,US,5,0.894,,False
IND,US,5,0.663,True,True
YNZ,CN,5,2.257,,False
SFB,US,5,1.441,True,True
DEL,IN,5,1.845,,False
DYG,CN,5,1.41,,False
PFO,CY,5,1.28,,False
LWO,UA,5,9.488,,False
DAT,CN,5,0.865,,False
JAI,IN,4,7.344,,False
XIY,CN,4,2.326,,False
TLQ,CN,4,10.534,,False
CTS,JP,4,3.286,True,True
MAN,GB,4,4.151,,False
PHL,US,4,0.693,,False
CGO,CN,4,4.746,,False
HDG,CN,4,0.777,True,True
TAE,KR,4,1.644,,False
KMG,CN,4,13.179,,False
HKG,HK,4,1.11,,False
TPE,TW,4,3.011,,False
OAK,US,4,1.132,,False
CRL,BE,4,2.225,,False
KEF,IS,4,6.488,,False
MCT,OM,4,2.391,,False
KWE,CN,4,3.833,False,False
TSN,CN,4,1.444,,False
STV,IN,4,0.847,,False
JNG,CN,4,2.372,,False
HRB,CN,4,3.725,True,True
HIA,CN,4,1.591,,False
WEH,CN,4,2.309,False,False
TXN,CN,4,1.291,,False
PEK,CN,4,0.904,,False
JHB,MY,4,5.293,,False
HAN,VN,4,2.422,,False
CNX,TH,4,8.38,,False
GLA,GB,4,0.632,,False
LAS,US,4,1.492,,False
LCY,GB,4,0.421,,False
SIN,SG,4,3.58,,False
IST,TR,4,1.113,,False
YYZ,CA,4,1.203,,False
ZYI,CN,4,5.712,,False
NNY,CN,4,0.572,,False
DUS,DE,4,3.781,,False
AKL,NZ,4,2.803,,False
DLU,CN,4,1.033,,False
TXL,DE,4,1.693,,False
DBV,HR,4,0.449,,False
MSQ,BY,4,3.687,,False
CLE,US,4,0.559,,False
ONT,US,4,1.945,False,False
FEZ,MA,4,5.116,,False
MEL,AU,4,1.188,False,False
REP,,4,15.613,True,True
LIL,FR,4,1.359,,False
LYA,CN,4,0.725,True,True
AGP,ES,4,4.517,,False
STR,DE,4,1.815,,False
LHW,CN,4,6.972,,False
YIH,CN,4,2.687,,False
XMN,CN,4,3.214,False,False
NCE,FR,4,0.698,False,False
CGQ,CN,4,2.191,False,False
LIS,PT,4,2.094,True,True
TPA,US,4,0.391,False,False
BOS,US,4,0.871,,False
GUA,GT,4,0.412,,False
AMD,IN,4,3.908,,False
RTM,NL,4,3.516,,False
ROV,RU,4,2.907,,False
RDU,US,4,0.527,,False
JIQ,CN,3,2.137,,False
GDN,PL,3,2.51,,False
PRG,CZ,3,1.076,,False
HKT,TH,3,6.586,,False
ZIA,RU,3,7.715,,False
YIW,CN,3,1.022,,False
MIG,CN,3,1.685,,False
WUX,CN,3,1.204,,False
SKP,MK,3,3.229,,False
XNN,CN,3,2.082,,False
CEI,TH,3,1.039,,False
PSA,IT,3,1.117,,False
HER,GR,3,1.83,,False
ZRH,CH,3,1.03,,False
ORY,FR,3,1.806,,False
MRS,FR,3,0.308,,False
SCL,CL,3,1.987,,False
HAS,SA,3,1.041,,False
HOU,US,3,2.441,,False
EWR,US,3,0.62,,False
MSY,US,3,0.962,,False
CVG,US,3,0.364,,False
CSX,CN,3,1.646,,False
IXC,IN,3,1.922,,False
FUG,CN,3,0.806,,False
LPL,GB,3,0.849,,False
ZHA,CN,3,0.905,,False
TVS,CN,3,7.512,,False
LYG,CN,3,2.19,,False
DLC,CN,3,4.851,,False
IXM,IN,3,1.059,,False
NZL,CN,3,0.865,,False
GOT,SE,3,2.26,,False
DOH,QA,3,1.956,,False
MIA,US,3,0.906,,False
LIM,PE,3,1.552,,False
TRN,IT,3,0.396,,False
MKE,US,3,1.285,,False
YHM,CA,3,5.812,,False
CGY,PH,3,1.638,,False
TSF,IT,3,1.989,,False
LUX,LU,3,1.147,,False
SKG,GR,3,0.675,,False
SUF,IT,3,0.516,,False
NTG,CN,3,1.165,,False
KWL,CN,3,2.651,,False
DPS,ID,3,2.875,,False
SEN,GB,3,1.397,,False
CPT,ZA,3,1.103,,False
CEB,PH,3,2.518,,False
PVD,US,3,6.44,,False
LZH,CN,3,1.411,,False
BOM,IN,3,1.089,,False
YVR,CA,3,0.996,,False
HAM,DE,3,0.734,,False
BJX,MX,3,0.395,,False
BRU,BE,3,1.487,,False
CIH,CN,3,0.995,,False
CUZ,PE,3,1.927,,False
LLV,CN,3,2.152,,False
AYT,TR,3,1.791,,False
TAG,PH,3,1.421,,False
FMM,DE,3,3.16,,False
GRX,ES,3,0.716,,False
VNS,IN,3,10.969,,False
HUX,MX,3,1.419,,False
ITM,JP,3,1.877,,False
BRS,GB,3,1.422,,False
SSA,BR,3,1.956,,False
FOR,BR,3,5.408,,False
WGN,,3,7.323,,False
SAW,TR,3,1.481,,False
AMM,JO,3,3.05,,False
ICN,KR,3,0.958,,False
IQN,CN,3,3.529,,False
CMN,MA,3,1.139,,False
KUT,GE,3,2.781,,False
AQG,CN,3,1.149,,False
KUL,MY,3,3.127,,False
MNL,PH,3,1.315,,False
PIT,US,3,0.765,,False
LIN,IT,3,0.288,,False
TTN,US,3,2.469,,False
KZN,RU,3,8.979,,False
HJJ,CN,2,3.639,,False
UPG,ID,2,2.325,,False
TRZ,IN,2,0.949,,False
ENY,CN,2,3.17,,False
LYI,CN,2,0.99,,False
GYD,AZ,2,1.367,,False
MUC,DE,2,0.553,,False
UCT,RU,2,5.879,,False
BFJ,CN,2,1.306,,False
BTW,ID,2,1.838,,False
SQD,CN,2,0.638,,False
UCB,CN,2,7.264,,False
SWA,CN,2,0.557,,False
NYO,SE,2,7.238,,False
FSC,FR,2,0.561,,False
NNG,CN,2,10.077,,False
WMI,PL,2,1.439,,False
SOF,BG,2,1.528,,False
SXF,,2,12.79,,False
ARN,SE,2,0.931,,False
CGN,DE,2,2.007,,False
SAN,US,2,1.337,,False
TLS,FR,2,1.225,,False
BOD,FR,2,3.485,,False
PUY,HR,2,1.34,,False
ALC,ES,2,3.951,,False
CWB,BR,2,2.106,,False
CJS,MX,2,3.352,,False
DJJ,ID,2,7.738,,False
COK,IN,2,3.077,,False
KIJ,JP,2,1.135,,False
LUZ,PL,2,0.533,,False
PPS,PH,2,7.521,,False
PNH,,2,2.217,,False
YCU,CN,2,7.849,,False
ZAG,HR,2,1.226,,False
SRG,ID,2,0.584,,False
BKI,MY,2,7.472,,False
GRO,ES,2,1.405,,False
NTE,FR,2,2.571,,False
BLL,DK,2,1.796,,False
HAJ,DE,2,0.377,,False
EZE,AR,2,1.692,,False
NQN,AR,2,3.563,,False
FDF,MQ,2,1.708,,False
SJU,US,2,0.547,,False
SWF,US,2,3.856,,False
DEB,HU,2,1.692,,False
VXO,SE,2,4.489,,False
RIX,LV,2,1.111,,False
KWI,KW,2,3.606,,False
MEX,MX,2,2.705,,False
PGD,US,2,3.499,,False
KIX,JP,2,1.92,,False
AJA,FR,2,3.609,,False
TZL,BA,2,2.014,,False
TSE,,2,10.213,,False
FAO,PT,2,1.893,,False
MDQ,AR,2,0.894,,False
LAP,MX,2,6.983,,False
THR,IR,2,7.515,,False
KKJ,JP,2,0.896,,False
OTP,RO,2,6.382,,False
BRI,IT,2,0.477,,False
BEG,RS,2,5.729,,False
MCI,US,2,0.746,,False
SDF,US,2,0.45,,False
PKY,ID,2,1.791,,False
MLE,MV,2,1.327,,False
HEL,FI,2,1.755,,False
MBA,KE,2,0.581,,False
NDC,IN,2,0.611,,False
LLF,CN,2,0.808,,False
PRN,XK,2,5.867,,False
DRS,DE,2,0.917,,False
WIL,KE,2,2.876,,False
SYM,CN,2,3.94,,False
WXN,CN,2,1.022,,False
OVB,RU,2,3.883,,False
TSR,RO,2,0.984,,False
LGB,US,2,2.099,,False
PIE,US,2,1.346,,False
OMR,RO,2,0.224,,False
KRR,RU,2,1.242,,False
GOJ,RU,2,4.335,,False
IBZ,ES,2,4.947,,False
LMM,MX,2,0.942,,False
MED,SA,2,9.229,,False
CRA,RO,2,0.861,,False
BEY,LB,2,1.757,,False
DTW,US,2,0.303,,False
GEG,US,2,0.661,,False
JDZ,CN,2,1.059,,False
CFR,FR,2,4.984,,False
CPH,DK,2,0.825,,False
SBP,US,2,2.518,,False
ENH,CN,2,0.807,,False
CXR,VN,2,9.302,,False
ORF,US,2,0.597,,False
DOY,CN,2,1.587,,False
COR,AR,2,2.385,,False
COS,US,2,1.121,,False
KOA,US,2,3.581,,False
JAX,US,2,0.408,,False
BAV,CN,2,3.909,,False
LYS,FR,2,3.045,,False
PAT,IN,2,9.083,,False
WEF,CN,2,8.095,,False
HET,CN,2,6.961,,False
SHE,CN,2,3.919,,False
LJG,CN,2,14.851,,False
YSQ,CN,2,6.385,,False
SRQ,US,2,1.503,,False
GRU,BR,2,8.816,,False
AEB,CN,2,2.48,,False
MXZ,CN,2,1.115,,False
TUC,AR,2,0.571,,False
NBC,RU,2,0.832,,False
ECP,US,2,1.151,,False
ALG,DZ,2,4.51,,False
NRN,DE,2,9.954,,False
JUZ,CN,2,5.925,,False
IKA,IR,2,9.4,,False
ZAT,CN,2,5.602,,False
YBP,CN,2,1.137,,False
MIR,TN,2,5.23,,False
CNF,BR,2,1.738,,False
JBQ,DO,2,1.932,,False
UDR,IN,2,0.411,,False
KBV,TH,2,1.07,,False
PGK,ID,2,1.667,,False
EPA,AR,2,1.246,,False
CHA,US,2,0.644,,False
VNO,LT,2,2.77,,False
BLQ,IT,2,1.309,,False
BSD,CN,2,1.178,,False
MDZ,AR,2,0.631,,False
MAO,BR,2,6.797,,False
BPL,CN,2,1.989,,False
KMJ,JP,2,3.325,,False
CGD,CN,2,2.445,,False
RLK,CN,2,1.562,,False
BIO,ES,2,0.998,,False
BSL,FR,2,3.504,,False
MSP,US,2,0.857,,False
IAH,US,2,0.724,,False
STL,US,2,0.822,,False
SBA,US,2,0.81,,False
PWM,US,2,2.082,,False
BVA,FR,2,2.558,,False
SLC,US,2,1.164,,False
PER,AU,2,0.962,,False
WUH,CN,2,2.633,,False
USU,PH,1,4.895,,False
ADL,AU,1,2.844,,False
INC,CN,1,2.832,,False
IXB,IN,1,5.428,,False
AVA,CN,1,1.698,,False
BAX,RU,1,1.005,,False
BZK,RU,1,11.569,,False
LPQ,LA,1,4.41,,False
TJM,RU,1,2.729,,False
DYU,TJ,1,1.791,,False
HKD,JP,1,0.672,,False
TCZ,CN,1,1.511,,False
LPF,CN,1,2.726,,False
PZI,CN,1,1.678,,False
OSS,KG,1,8.017,,False
SCW,RU,1,1.06,,False
ASU,PY,1,3.995,,False
PVR,MX,1,1.043,,False
CJC,CL,1,7.181,,False
MTY,MX,1,5.617,,False
CLO,CO,1,1.988,,False
LIH,US,1,8.161,,False
TJS,ID,1,0.905,,False
LUM,CN,1,1.167,,False
JGS,CN,1,1.82,,False
YTY,,1,4.71,,False
KHE,,1,5.414,,False
IAO,PH,1,3.022,,False
LFQ,CN,1,13.223,,False
ACX,CN,1,3.934,,False
SCQ,ES,1,0.478,,False
BRN,CH,1,0.748,,False
BOJ,BG,1,0.683,,False
FSZ,JP,1,0.974,,False
SLY,RU,1,1.968,,False
CCJ,IN,1,0.839,,False
PUS,KR,1,0.654,,False
FRU,,1,5.691,,False
PUF,FR,1,0.769,,False
UTS,RU,1,1.152,,False
FLR,IT,1,0.282,,False
URO,FR,1,3.316,,False
NOP,TR,1,0.597,,False
MBJ,JM,1,2.894,,False
IZT,MX,1,0.121,,False
VRA,CU,1,10.946,,False
FDH,DE,1,4.239,,False
KVA,GR,1,1.206,,False
KUF,RU,1,13.446,,False
EMA,GB,1,3.334,,False
FKB,DE,1,6.672,,False
SJD,MX,1,1.006,,False
YUY,CA,1,6.778,,False
ESB,TR,1,5.218,,False
LKN,NO,1,3.446,,False
SCV,RO,1,0.699,,False
EIN,NL,1,0.728,,False
SNU,CU,1,1.399,,False
GZP,TR,1,2.725,,False
VIT,ES,1,1.873,,False
USK,RU,1,6.556,,False
SDU,BR,1,1.707,,False
ANF,CL,1,10.432,,False
TRC,MX,1,1.156,,False
YQB,CA,1,0.87,,False
MEM,US,1,1.196,,False
NAN,FJ,1,3.143,,False
HPH,VN,1,0.998,,False
EZS,TR,1,0.156,,False
LBA,GB,1,5.091,,False
ERF,DE,1,18.748,,False
INN,AT,1,0.409,,False
ABZ,GB,1,0.958,,False
OSL,NO,1,0.83,,False
SJO,CR,1,0.43,,False
UUA,RU,1,1.449,,False
CEN,MX,1,0.376,,False
JJG,BR,1,3.747,,False
TUI,SA,1,17.365,,False
AXM,CO,1,0.195,,False
IMT,US,1,6.475,,False
SHV,US,1,2.107,,False
KEU,KE,1,0.251,,False
MRU,MU,1,2.153,,False
LXA,CN,1,2.339,,False
DVO,PH,1,6.435,,False
PDG,ID,1,0.945,,False
WTB,AU,1,4.262,,False
KKS,IR,1,2.405,,False
BLV,US,1,1.884,,False
COU,US,1,0.696,,False
PZB,ZA,1,0.166,,False
LCX,CN,1,1.948,,False
MYQ,IN,1,1.085,,False
SGF,US,1,0.961,,False
KSC,SK,1,13.621,,False
IDR,IN,1,7.39,,False
MXV,MN,1,1.47,,False
HMA,RU,1,3.3,,False
BMU,ID,1,17.765,,False
MPL,FR,1,1.569,,False
EGO,RU,1,0.526,,False
BRE,DE,1,1.013,,False
IXE,IN,1,1.747,,False
DUM,ID,1,0.342,,False
RJA,IN,1,0.664,,False
BJV,TR,1,0.805,,False
CIT,KZ,1,4.362,,False
PGF,FR,1,5.235,,False
HZG,CN,1,3.185,,False
ZHY,CN,1,1.268,,False
TRK,ID,1,3.295,,False
SQJ,CN,1,3.809,,False
UUD,RU,1,0.398,,False
BZG,PL,1,0.471,,False
POZ,PL,1,5.843,,False
RSW,US,1,1.802,,False
SNA,US,1,0.916,,False
CGK,ID,1,6.17,,False
SOC,ID,1,0.151,,False
SUB,ID,1,1.119,,False
TEN,CN,1,4.235,,False
TJU,TJ,1,2.689,,False
OMA,US,1,0.674,,False
NSH,IR,1,11.246,,False
HUN,TW,1,1.98,,False
KLF,RU,1,8.804,,False
RTB,HN,1,18.335,,False
MQN,NO,1,0.14,,False
SSH,EG,1,0.516,,False
LJU,SI,1,1.92,,False
ALB,US,1,0.719,,False
USH,AR,1,4.531,,False
CCA,,1,7.683,,False
MZL,CO,1,0.266,,False
ELQ,SA,1,2.819,,False
BIL,US,1,0.876,,False
LCA,CY,1,3.243,,False
IGD,TR,1,0.396,,False
KVK,RU,1,1.226,,False
TOL,US,1,1.79,,False
DJB,ID,1,0.546,,False
PQC,VN,1,7.297,,False
CDE,CN,1,15.417,,False
VTZ,IN,1,16.069,,False
CTG,CO,1,4.228,,False
CGH,BR,1,2.524,,False
GEL,BR,1,0.732,,False
GDL,MX,1,0.719,,False
PIO,PE,1,1.575,,False
NCL,GB,1,0.688,,False
YWG,CA,1,1.566,,False
MLG,ID,1,0.56,,False
DGT,PH,1,0.677,,False
SVX,RU,1,0.975,,False
RHO,GR,1,1.03,,False
SZG,AT,1,0.802,,False
GOA,IT,1,0.747,,False
IJK,RU,1,7.632,,False
GOM,CD,1,1.586,,False
IXY,IN,1,0.364,,False
PNK,ID,1,16.51,,False
KHV,RU,1,13.806,,False
YKH,CN,1,4.38,,False
BGW,IQ,1,2.006,,False
YEG,CA,1,2.386,,False
JOG,ID,1,6.389,,False
JTR,GR,1,2.432,,False
LWN,AM,1,8.323,,False
MVD,UY,1,0.852,,False
NDR,MA,1,0.9,,False
YOW,CA,1,5.534,,False
YIN,CN,1,10.304,,False
CBO,PH,1,1.094,,False
DMM,SA,1,0.648,,False
KHG,CN,1,4.736,,False
CIA,IT,1,1.335,,False
CFU,GR,1,1.169,,False
CIY,IT,1,2.866,,False
LBJ,ID,1,0.349,,False
AOJ,JP,1,2.214,,False
LEI,ES,1,0.812,,False
PDX,US,1,0.692,,False
EUG,US,1,0.687,,False
PNY,IN,1,8.001,,False
CJB,IN,1,0.611,,False
BAR,CN,1,18.96,,False
OAG,AU,1,3.848,,False
SNN,IE,1,12.726,,False
PTP,GP,1,1.564,,False
MDC,ID,1,10.821,,False
TNH,CN,1,19.813,,False
GDE,ET,1,3.386,,False
ERS,NA,1,6.315,,False
BKO,ML,1,3.474,,False
OUA,BF,1,3.516,,False
ACZ,IR,1,1.4,,False
CQD,IR,1,1.049,,False
ADA,TR,1,2.473,,False
IGR,AR,1,0.387,,False
PYG,IN,1,0.166,,False
KMI,JP,1,0.907,,False
CCU,IN,1,7.78,,False
TCG,CN,1,1.054,,False
SEZ,SC,1,1.851,,False
SHJ,AE,1,0.495,,False
HDM,IR,1,0.326,,False
TBZ,IR,1,2.597,,False
JYR,IR,1,0.224,,False
RUD,IR,1,0.737,,False
PMV,VE,1,6.894,,False
CUN,MX,1,4.174,,False
MLM,MX,1,2.334,,False
MWX,KR,1,6.131,,False
HBX,IN,1,0.681,,False
KUH,JP,1,0.472,,False
KQH,IN,1,0.497,,False
DLI,VN,1,4.924,,False
SJW,CN,1,1.199,,False
DTB,ID,1,2.696,,False
PKR,NP,1,2.015,,False
SKX,RU,1,4.364,,False
BMA,SE,1,8.152,,False
BIQ,FR,1,0.535,,False
KLV,CZ,1,15.623,,False
BWI,US,1,0.348,,False
ABJ,CI,1,3.531,,False
TUN,TN,1,3.42,,False
GCH,IR,1,0.291,,False
BAH,BH,1,2.987,,False
SJP,BR,1,1.244,,False
SMR,CO,1,3.343,,False
CCS,VE,1,1.65,,False
JTC,BR,1,2.235,,False
GOI,IN,1,8.237,,False
KPO,KR,1,6.527,,False
FUK,JP,1,2.16,,False
SHF,,1,1.036,,False
KNU,IN,1,1.501,,False
HGN,TH,1,0.354,,False
KBL,AF,1,0.705,,False
RMQ,TW,1,5.904,,False
DWC,AE,1,1.835,,False
YHZ,CA,1,1.115,,False
TFN,ES,1,0.599,,False
ERZ,TR,1,0.389,,False
NYM,RU,1,2.786,,False
KIS,KE,1,2.418,,False
JJD,BR,1,17.237,,False
CXJ,BR,1,1.266,,False
KJT,ID,1,1.196,,False
OKE,JP,1,6.69,,False
CAI,EG,1,5.17,,False
LFW,TG,1,0.953,,False
SYJ,IR,1,1.159,,False
VLN,VE,1,0.875,,False
TGZ,MX,1,0.277,,False
PAP,HT,1,2.396,,False
NGO,JP,1,2.111,,False
SXR,IN,1,3.683,,False
NAM,ID,1,2.916,,False
DTU,,1,6.277,,False
YON,,1,19.031,,False
BWA,NP,1,1.371,,False
BDQ,IN,1,1.454,,False
DLA,CM,1,1.145,,False
LEJ,DE,1,1.832,,False
VIX,BR,1,11.228,,False
BRC,AR,1,0.269,,False
CAP,HT,1,0.34,,False
PUJ,DO,1,19.741,,False
KNO,ID,1,0.483,,False
IZO,JP,1,2.724,,False
SLN,US,1,6.284,,False
VRN,IT,1,0.89,,False
FUE,ES,1,1.144,,False
DSN,CN,1,2.344,,False
KOS,KH,1,6.926,,False
PDL,PT,1,17.326,,False
UFA,RU,1,3.28,,False
BNA,US,1,1.302,,False
ESL,RU,1,13.766,,False
TOS,NO,1,3.59,,False
ASE,US,1,1.635,,False
ATW,US,1,0.423,,False
YUL,CA,1,0.976,,False
YQG,CA,1,0.341,,False
RBA,MA,1,0.955,,False
BGO,NO,1,1.371,,False
BEN,LY,1,7.811,,False
ORN,DZ,1,5.98,,False
SAP,HN,1,1.808,,False
PSS,AR,1,4.548,,False
TKN,JP,1,6.248,,False
SKH,NP,1,0.429,,False
TOF,RU,1,8.656,,False
MLX,TR,1,0.301,,False
RAI,CV,1,1.891,,False
ADD,ET,1,11.953,,False
SJK,BR,1,0.676,,False
LOP,ID,1,0.25,,False
KER,IR,1,12.979,,False
RBR,BR,1,5.709,,False
IXZ,IN,1,3.312,,False
JNZ,CN,1,1.045,,False
KKC,TH,1,3.787,,False
AAR,DK,1,3.016,,False
ASR,TR,1,7.701,,False
BIA,FR,1,4.863,,False
PSR,IT,1,1.794,,False
PMI,ES,1,0.34,,False
MSO,US,1,1.359,,False
CZM,MX,1,1.961,,False
LZO,CN,1,1.489,,False
AXF,CN,1,3.957,,False
BCD,PH,1,1.723,,False
RUH,SA,1,4.296,,False
VAR,BG,1,0.441,,False
BMI,US,1,2.804,,False
SXV,IN,1,0.419,,False
LGK,MY,1,3.473,,False
ACV,US,1,0.845,,False
OKC,US,1,0.688,,False
OGZ,RU,1,1.094,,False
SPU,HR,1,0.375,,False
HRK,UA,1,3.072,,False
OZH,UA,1,1.544,,False
TRO,AU,1,0.787,,False
ISP,US,1,1.88,,False
KEJ,RU,1,0.828,,False
KTM,NP,1,2.873,,False
SIP,UA,1,2.926,,False
LRH,FR,1,0.464,,False
PNA,ES,1,1.936,,False
BUR,US,1,2.034,,False
SAT,US,1,0.227,,False
DJE,TN,1,7.146,,False
SHC,ET,1,0.37,,False
KZO,KZ,1,14.874,,False
LVP,IR,1,2.508,,False
IQQ,CL,1,15.822,,False
WNP,PH,1,3.876,,False
BHY,CN,1,0.589,,False
KBU,ID,1,5.334,,False
BWN,BN,1,0.947,,False
VGO,ES,1,0.357,,False
YXX,CA,1,3.681,,False
DAD,VN,1,10.265,,False
YXS,CA,1,1.679,,False
JAR,IR,1,0.78,,False
SVD,VC,1,1.363,,False
TAC,PH,1,2.037,,False
NCU,UZ,1,0.943,,False
SDR,ES,1,5.227,,False
GRV,RU,1,0.496,,False
JLR,IN,1,17.189,,False
CUL,MX,1,11.019,,False
VGA,IN,1,1.652,,False
DIY,TR,1,0.814,,False
LCG,ES,1,0.544,,False
BZR,FR,1,0.766,,False
SBZ,RO,1,0.721,,False
RGS,ES,1,0.608,,False
SZF,TR,1,1.241,,False
TLL,EE,1,6.343,,False
DFW,US,1,9.603,,False
NBO,KE,1,1.449,,False
YGR,CA,1,19.004,,False
OST,BE,1,5.177,,False
TRS,IT,1,0.572,,False
EFL,GR,1,6.244,,False
KID,SE,1,1.686,,False
TMH,ID,1,0.311,,False
TIA,AL,1,3.569,,False
YXU,CA,1,1.291,,False
KRS,NO,1,0.796,,False
GVA,CH,1,10.589,,False
ULV,RU,1,0.297,,False
IGT,RU,1,1.169,,False
UYN,CN,1,1.461,,False
XUZ,CN,1,1.559,,False
LNJ,CN,1,3.1,,False
PBG,US,1,0.259,,False
MDT,US,1,2.394,,False
HLD,CN,1,1.375,,False
OOL,AU,1,1.046,,False
YZY,CN,1,6.028,,False
SBN,US,1,1.234,,False
ZCL,MX,1,5.387,,False
HNL,US,1,0.713,,False
TNG,MA,1,2.35,,False
LPA,ES,1,0.753,,False
BDS,IT,1,5.899,,False
MMY,JP,1,1.488,,False
HBA,AU,1,0.938,,False
DSM,US,1,0.813,,False
CEC,US,1,2.057,,False
