airport,geo_role,shadow_ratio,nearest_km
NVA,solo,1.0,999
RAP,solo,1.0,999
BZE,solo,1.0,999
CPT,solo,1.0,999
YQY,solo,1.0,999
ASP,solo,1.0,999
RUH,solo,1.0,999
NEK,solo,1.0,999
SDL,solo,1.0,999
BCU,,,
LFW,solo,1.0,999
TLN,secondary,27.45,84.0
ERS,solo,1.0,999
MPL,solo,1.0,999
PEK,primary,1.0,37.0
KUL,primary,1.0,46.0
FMI,solo,1.0,999
HSV,solo,1.0,999
UKK,solo,1.0,999
YNT,solo,1.0,999
AHB,solo,1.0,999
CNC,solo,1.0,999
BFN,solo,1.0,999
EFL,solo,1.0,999
SJJ,solo,1.0,999
YZV,solo,1.0,999
NGS,secondary,6.84,88.0
AMH,solo,1.0,999
CTS,solo,1.0,999
POA,solo,1.0,999
FTI,solo,1.0,999
POM,solo,1.0,999
TSR,solo,1.0,999
LYP,solo,1.0,999
LYA,solo,1.0,999
RAJ,,,
OMD,solo,1.0,999
BEN,solo,1.0,999
NTG,secondary,2.38,82.0
BZO,solo,1.0,999
BGY,secondary,2.33,42.0
LWB,solo,1.0,999
MEM,solo,1.0,999
SRQ,secondary,6.19,59.0
HET,solo,1.0,999
SCV,solo,1.0,999
PBH,solo,1.0,999
BDA,solo,1.0,999
LCK,secondary,25.65,21.0
SAL,solo,1.0,999
SWO,secondary,61.88,97.0
GCI,solo,1.0,999
KIX,primary,1.0,23.0
AHU,secondary,12.33,77.0
DEX,,,
CXR,primary,1.0,97.0
PSR,solo,1.0,999
CXH,secondary,68.59,12.0
MSQ,solo,1.0,999
HDY,primary,1.0,99.0
DQM,solo,1.0,999
RTM,secondary,35.04,45.0
OXB,solo,1.0,999
BUA,solo,1.0,999
ROS,solo,1.0,999
HEL,solo,1.0,999
KRT,solo,1.0,999
TZX,solo,1.0,999
DNH,solo,1.0,999
YIF,solo,1.0,999
GOB,solo,1.0,999
OLB,solo,1.0,999
JED,solo,1.0,999
NBC,solo,1.0,999
SUB,solo,1.0,999
NDR,solo,1.0,999
LRM,secondary,26.25,59.0
ACO,solo,1.0,999
AGA,solo,1.0,999
ASE,solo,1.0,999
WLG,solo,1.0,999
IXC,solo,1.0,999
GEO,solo,1.0,999
BHQ,solo,1.0,999
HOE,,,
LBB,solo,1.0,999
LIR,solo,1.0,999
SHJ,secondary,6.92,18.0
NSN,solo,1.0,999
DBV,solo,1.0,999
KSE,solo,1.0,999
MEL,solo,1.0,999
CLE,solo,1.0,999
USH,solo,1.0,999
GUA,solo,1.0,999
RAS,solo,1.0,999
JUJ,solo,1.0,999
CIT,solo,1.0,999
KHX,,,
BBI,solo,1.0,999
DMB,solo,1.0,999
VXO,solo,1.0,999
CIA,secondary,11.54,29.0
PWM,solo,1.0,999
KUT,solo,1.0,999
GUM,solo,1.0,999
TGG,solo,1.0,999
HIR,solo,1.0,999
PPP,solo,1.0,999
RZR,solo,1.0,999
SLA,solo,1.0,999
MSS,secondary,327.6,78.0
GZP,solo,1.0,999
ADL,solo,1.0,999
LGG,secondary,140.95,71.0
MHD,solo,1.0,999
VLN,solo,1.0,999
MDZ,solo,1.0,999
DWD,solo,1.0,999
GDL,solo,1.0,999
IGR,secondary,1.29,15.0
OKR,solo,1.0,999
GIZ,solo,1.0,999
PIO,solo,1.0,999
MLE,solo,1.0,999
HKG,primary,1.0,38.0
ABV,solo,1.0,999
EVN,solo,1.0,999
TCX,solo,1.0,999
BND,solo,1.0,999
BLL,solo,1.0,999
PMF,secondary,77.61,79.0
BDS,solo,1.0,999
TUL,solo,1.0,999
CTU,primary,1.0,57.0
MSL,solo,1.0,999
GKK,solo,1.0,999
OMR,solo,1.0,999
ATA,solo,1.0,999
SEA,solo,1.0,999
BEM,solo,1.0,999
YBV,solo,1.0,999
MKL,solo,1.0,999
CTA,solo,1.0,999
SYX,solo,1.0,999
MDQ,solo,1.0,999
MZL,secondary,11.14,39.0
KEJ,solo,1.0,999
OPO,solo,1.0,999
URO,secondary,335.64,68.0
YIW,solo,1.0,999
OTP,solo,1.0,999
EDI,primary,1.0,67.0
HCQ,solo,1.0,999
ADE,solo,1.0,999
YKF,secondary,122.23,65.0
NLU,secondary,8.46,36.0
ISB,solo,1.0,999
CGQ,solo,1.0,999
FYN,,,
POZ,solo,1.0,999
EDO,solo,1.0,999
WNZ,primary,1.0,92.0
YGJ,solo,1.0,999
OSL,solo,1.0,999
TTU,secondary,5.42,56.0
SCO,solo,1.0,999
ELD,solo,1.0,999
RBQ,solo,1.0,999
YWG,solo,1.0,999
REL,solo,1.0,999
OKD,secondary,36.41,46.0
SVO,primary,1.0,43.0
TRU,solo,1.0,999
KER,solo,1.0,999
GHB,solo,1.0,999
LIM,solo,1.0,999
TIJ,secondary,2.1,30.0
CIX,solo,1.0,999
SPI,solo,1.0,999
XNT,,,
AQI,solo,1.0,999
OMA,solo,1.0,999
KMG,solo,1.0,999
LJG,solo,1.0,999
POS,solo,1.0,999
RAI,solo,1.0,999
PEG,solo,1.0,999
ACC,solo,1.0,999
BOR,,,
KHY,solo,1.0,999
ATQ,secondary,2.53,43.0
MDT,solo,1.0,999
UIB,solo,1.0,999
ULK,solo,1.0,999
APW,solo,1.0,999
DUS,primary,1.0,54.0
AHO,solo,1.0,999
KHG,solo,1.0,999
FNT,secondary,45.35,90.0
RNO,solo,1.0,999
CUL,solo,1.0,999
PQC,primary,1.0,53.0
HRG,solo,1.0,999
YQK,solo,1.0,999
RGN,solo,1.0,999
NQZ,solo,1.0,999
ZUH,secondary,7.29,27.0
CRV,secondary,8.01,73.0
CUR,solo,1.0,999
NUE,solo,1.0,999
SIN,primary,1.0,29.0
MMG,solo,1.0,999
ECI,,,
MDC,solo,1.0,999
IWK,secondary,5.97,55.0
HPH,solo,1.0,999
BAH,secondary,1.08,86.0
SRI,,,
DTU,,,
BJM,solo,1.0,999
GFF,solo,1.0,999
CZR,,,
NQY,solo,1.0,999
MRA,solo,1.0,999
CFU,solo,1.0,999
LXA,solo,1.0,999
NMA,solo,1.0,999
OKC,solo,1.0,999
LOS,solo,1.0,999
CMN,solo,1.0,999
LAS,solo,1.0,999
AOR,secondary,3.63,76.0
ECN,secondary,2.11,33.0
VIL,solo,1.0,999
LIN,secondary,3.3,42.0
HRK,solo,1.0,999
BRS,solo,1.0,999
PMK,solo,1.0,999
PED,solo,1.0,999
XTL,solo,1.0,999
OAX,solo,1.0,999
PUU,solo,1.0,999
KTL,solo,1.0,999
MTY,solo,1.0,999
FOG,solo,1.0,999
HOU,secondary,3.82,38.0
INN,solo,1.0,999
YOW,solo,1.0,999
GRJ,solo,1.0,999
FSZ,solo,1.0,999
FYJ,,,
MDL,solo,1.0,999
DEL,solo,1.0,999
ALB,solo,1.0,999
UAQ,solo,1.0,999
FAO,solo,1.0,999
LGB,secondary,23.21,27.0
PSS,solo,1.0,999
GOX,secondary,1.48,39.0
ABQ,solo,1.0,999
DZA,solo,1.0,999
SUX,solo,1.0,999
PDM,,,
TPE,primary,1.0,32.0
SBZ,solo,1.0,999
DJJ,solo,1.0,999
BOO,solo,1.0,999
LEJ,solo,1.0,999
BRO,solo,1.0,999
SOU,secondary,56.57,84.0
KUM,solo,1.0,999
ULN,solo,1.0,999
GLH,solo,1.0,999
WAE,solo,1.0,999
MAF,solo,1.0,999
RAH,solo,1.0,999
CNS,solo,1.0,999
DSA,,,
SWF,secondary,79.06,59.0
KHT,solo,1.0,999
SJU,solo,1.0,999
ASR,solo,1.0,999
MMX,secondary,14.76,46.0
YXS,solo,1.0,999
YAB,solo,1.0,999
DOM,secondary,9.28,84.0
VDM,solo,1.0,999
JFK,primary,1.0,17.0
ORH,secondary,188.56,71.0
YTH,solo,1.0,999
NKG,primary,1.0,89.0
SHF,,,
TWU,solo,1.0,999
ABT,solo,1.0,999
KLR,solo,1.0,999
NBE,secondary,5.48,45.0
PER,solo,1.0,999
TJM,solo,1.0,999
MRS,solo,1.0,999
BZG,solo,1.0,999
PEE,solo,1.0,999
MLB,secondary,54.65,74.0
OVD,solo,1.0,999
KVA,solo,1.0,999
LCY,secondary,21.86,36.0
NAY,secondary,19.06,31.0
YIC,,,
KOK,solo,1.0,999
CJB,solo,1.0,999
WPL,,,
MRV,solo,1.0,999
DCA,secondary,1.48,38.0
BLV,secondary,39.84,52.0
KTM,solo,1.0,999
NNG,solo,1.0,999
BTV,solo,1.0,999
ROC,secondary,1.88,88.0
PZB,secondary,33.64,70.0
MAD,solo,1.0,999
ACD,solo,1.0,999
BRI,solo,1.0,999
ACV,solo,1.0,999
KUF,solo,1.0,999
RKZ,,,
ASU,solo,1.0,999
TYN,solo,1.0,999
RBA,solo,1.0,999
VRN,secondary,4.34,97.0
XLB,solo,1.0,999
KNO,solo,1.0,999
ZSA,solo,1.0,999
PRM,secondary,765.87,57.0
SNN,solo,1.0,999
GSP,primary,1.0,67.0
BGW,solo,1.0,999
TSV,solo,1.0,999
ICT,solo,1.0,999
TSN,secondary,2.29,91.0
NOP,solo,1.0,999
PDG,solo,1.0,999
BGF,solo,1.0,999
MAR,solo,1.0,999
RAK,solo,1.0,999
BOJ,solo,1.0,999
BDD,solo,1.0,999
BEG,solo,1.0,999
YVZ,solo,1.0,999
DAC,solo,1.0,999
ABX,solo,1.0,999
XNN,solo,1.0,999
BWX,,,
KSY,solo,1.0,999
PIE,secondary,9.53,17.0
ALG,solo,1.0,999
BOS,primary,1.0,72.0
MAH,solo,1.0,999
TNN,secondary,15.88,44.0
CNN,secondary,2.47,97.0
JER,solo,1.0,999
CGI,solo,1.0,999
BRE,secondary,2.18,89.0
AKS,solo,1.0,999
JHG,solo,1.0,999
YYG,solo,1.0,999
LAU,solo,1.0,999
DLM,secondary,1.15,72.0
HAN,solo,1.0,999
JTR,solo,1.0,999
SKD,solo,1.0,999
VCE,primary,1.0,20.0
KGD,solo,1.0,999
KQT,secondary,21.29,75.0
XUZ,solo,1.0,999
SYQ,secondary,156.37,9.0
KEU,solo,1.0,999
PEI,solo,1.0,999
AAL,solo,1.0,999
BJV,primary,1.0,72.0
TLS,solo,1.0,999
DAY,solo,1.0,999
ABJ,solo,1.0,999
MLM,solo,1.0,999
BKI,solo,1.0,999
ZQZ,,,
JRO,solo,1.0,999
VGO,secondary,3.12,76.0
CMB,solo,1.0,999
JAE,solo,1.0,999
FLA,solo,1.0,999
DTW,solo,1.0,999
YQB,solo,1.0,999
SVI,solo,1.0,999
SRE,solo,1.0,999
YBG,solo,1.0,999
REN,solo,1.0,999
SQL,secondary,4011.16,16.0
TBZ,solo,1.0,999
STS,solo,1.0,999
GAJ,secondary,12.05,56.0
LMT,solo,1.0,999
BSL,secondary,3.79,78.0
BHI,solo,1.0,999
KWL,solo,1.0,999
KUN,secondary,2.95,85.0
IQT,solo,1.0,999
CKZ,solo,1.0,999
LYG,secondary,1.18,68.0
WHK,solo,1.0,999
OLA,secondary,130.48,71.0
ABZ,solo,1.0,999
VAN,solo,1.0,999
PHX,solo,1.0,999
SEN,secondary,54.6,45.0
KOJ,primary,1.0,69.0
MWX,solo,1.0,999
YQR,solo,1.0,999
TFU,secondary,1.0,57.0
JIJ,solo,1.0,999
BJL,solo,1.0,999
CLO,solo,1.0,999
MAO,solo,1.0,999
CJJ,solo,1.0,999
FOR,solo,1.0,999
EIS,secondary,5.08,47.0
AUA,solo,1.0,999
XRY,secondary,8.34,76.0
BGM,solo,1.0,999
LPA,solo,1.0,999
KTW,secondary,3.06,67.0
PFO,solo,1.0,999
ACK,solo,1.0,999
UBJ,secondary,22.45,66.0
DWO,,,
URC,solo,1.0,999
IOM,solo,1.0,999
CSX,solo,1.0,999
ABE,secondary,41.43,88.0
EXT,secondary,11.68,87.0
BUR,secondary,13.73,29.0
WUT,,,
FSC,secondary,3.95,76.0
FWA,solo,1.0,999
YXU,solo,1.0,999
GOJ,solo,1.0,999
TUP,solo,1.0,999
DWC,secondary,42.41,45.0
YNZ,solo,1.0,999
YXY,solo,1.0,999
PBR,secondary,177.38,77.0
UYU,solo,1.0,999
BNX,solo,1.0,999
KCH,solo,1.0,999
SWA,solo,1.0,999
NOC,solo,1.0,999
MSY,solo,1.0,999
AJI,solo,1.0,999
MBA,solo,1.0,999
PNH,,,
AMM,solo,1.0,999
SGC,solo,1.0,999
EAM,solo,1.0,999
RFD,solo,1.0,999
HPN,secondary,34.53,35.0
ERF,solo,1.0,999
SCK,secondary,75.09,85.0
IEV,secondary,5.65,32.0
YZF,solo,1.0,999
YIN,solo,1.0,999
GRX,secondary,21.87,86.0
COO,solo,1.0,999
LKO,solo,1.0,999
STX,secondary,3.84,73.0
KBP,primary,1.0,32.0
BGA,solo,1.0,999
PHL,solo,1.0,999
YES,solo,1.0,999
RGS,solo,1.0,999
SJC,secondary,3.91,47.0
SSH,solo,1.0,999
BUD,solo,1.0,999
FRS,solo,1.0,999
PRN,primary,1.0,83.0
SZB,secondary,19.02,46.0
OMH,solo,1.0,999
SAF,secondary,13.7,80.0
MIU,solo,1.0,999
SAT,solo,1.0,999
GBT,solo,1.0,999
TAO,solo,1.0,999
DAX,,,
AXU,solo,1.0,999
BUF,primary,1.0,88.0
AOJ,solo,1.0,999
ICN,primary,1.0,32.0
YBC,solo,1.0,999
CIY,secondary,30.72,66.0
TIV,secondary,2.62,41.0
FTE,solo,1.0,999
NWI,solo,1.0,999
KGS,secondary,2.16,72.0
MGW,secondary,156.65,98.0
CYA,solo,1.0,999
VOG,solo,1.0,999
GAU,solo,1.0,999
BOD,solo,1.0,999
TMU,secondary,114.25,93.0
MYI,solo,1.0,999
KKC,solo,1.0,999
SHR,solo,1.0,999
OST,secondary,5.27,74.0
KRR,solo,1.0,999
PDK,secondary,3841.88,29.0
EWR,secondary,1.56,27.0
TUU,solo,1.0,999
ZGS,,,
DLA,solo,1.0,999
SYR,solo,1.0,999
SLC,solo,1.0,999
ORN,solo,1.0,999
TJU,solo,1.0,999
PFQ,solo,1.0,999
YYC,solo,1.0,999
TOL,secondary,154.05,79.0
PXA,,,
TDD,solo,1.0,999
KDZ,,,
BGI,solo,1.0,999
LWN,secondary,41.77,81.0
IST,primary,1.0,63.0
GIC,solo,1.0,999
CRK,secondary,12.14,90.0
ANU,solo,1.0,999
REG,secondary,11.95,85.0
HAM,solo,1.0,999
SAV,solo,1.0,999
KBV,secondary,4.63,74.0
GMQ,,,
DBO,solo,1.0,999
KIE,solo,1.0,999
SJO,solo,1.0,999
JNB,primary,1.0,38.0
MVD,solo,1.0,999
PBI,secondary,5.27,68.0
KMJ,secondary,7.06,88.0
OGD,secondary,580.52,45.0
IND,solo,1.0,999
CHS,solo,1.0,999
CNF,solo,1.0,999
AJF,solo,1.0,999
SCF,secondary,464.51,23.0
AXT,solo,1.0,999
CAK,secondary,6.3,65.0
FMO,secondary,2.05,69.0
SPU,solo,1.0,999
AOE,solo,1.0,999
RTB,solo,1.0,999
ZAJ,solo,1.0,999
INC,solo,1.0,999
LVP,secondary,87.67,70.0
KHH,solo,1.0,999
KJA,solo,1.0,999
ZCL,solo,1.0,999
AJA,solo,1.0,999
FLN,primary,1.0,88.0
CVG,solo,1.0,999
NAP,solo,1.0,999
LGK,secondary,1.37,99.0
ZIA,secondary,18.06,22.0
RDM,solo,1.0,999
CVQ,solo,1.0,999
MKE,solo,1.0,999
GRZ,solo,1.0,999
OMO,secondary,25.58,72.0
WMX,solo,1.0,999
CWJ,,,
DAR,primary,1.0,73.0
YNY,solo,1.0,999
FAT,solo,1.0,999
MSO,solo,1.0,999
CLD,secondary,133.1,45.0
REU,secondary,41.63,78.0
IAD,primary,1.0,38.0
HMI,solo,1.0,999
KEF,solo,1.0,999
RDU,solo,1.0,999
PAC,secondary,50.12,22.0
BRC,solo,1.0,999
ORK,solo,1.0,999
KUG,solo,1.0,999
BTC,solo,1.0,999
OHS,solo,1.0,999
BIO,solo,1.0,999
BPC,solo,1.0,999
OSS,solo,1.0,999
GCH,solo,1.0,999
NKC,solo,1.0,999
SLU,secondary,10.15,63.0
TBS,solo,1.0,999
MFR,solo,1.0,999
RES,solo,1.0,999
PND,,,
KCY,,,
NUM,secondary,23.96,88.0
PTP,solo,1.0,999
LHE,primary,1.0,43.0
LGA,secondary,2.78,17.0
WAW,primary,1.0,38.0
ORF,solo,1.0,999
YYY,solo,1.0,999
RHO,primary,1.0,72.0
HQQ,,,
PUF,solo,1.0,999
INV,solo,1.0,999
KIS,solo,1.0,999
BKW,solo,1.0,999
PKX,secondary,2.21,31.0
SGU,solo,1.0,999
CTD,solo,1.0,999
CKY,solo,1.0,999
CGN,secondary,2.07,54.0
SVZ,solo,1.0,999
SEZ,solo,1.0,999
JAX,solo,1.0,999
VKO,secondary,2.83,43.0
YGR,solo,1.0,999
AMD,solo,1.0,999
ZAZ,solo,1.0,999
MTR,solo,1.0,999
AVP,solo,1.0,999
MLA,solo,1.0,999
NAS,solo,1.0,999
FNJ,solo,1.0,999
GOY,solo,1.0,999
UTP,solo,1.0,999
ITM,secondary,2.02,26.0
SVD,solo,1.0,999
OZZ,solo,1.0,999
ZHA,solo,1.0,999
MAQ,solo,1.0,999
TFS,primary,1.0,54.0
BLQ,primary,1.0,81.0
BAQ,secondary,2.26,65.0
OUL,solo,1.0,999
ADD,solo,1.0,999
DVO,solo,1.0,999
POI,solo,1.0,999
NAA,solo,1.0,999
FNC,solo,1.0,999
RAE,solo,1.0,999
CFN,solo,1.0,999
JUH,,,
HMB,solo,1.0,999
KLV,secondary,283.73,96.0
MTJ,solo,1.0,999
DPS,solo,1.0,999
LIT,solo,1.0,999
CZU,solo,1.0,999
EOH,secondary,8.85,20.0
SFA,secondary,11.91,94.0
AQJ,solo,1.0,999
ISP,secondary,56.5,59.0
BNE,primary,1.0,95.0
TRN,secondary,8.1,97.0
PHC,solo,1.0,999
MSR,solo,1.0,999
AKL,solo,1.0,999
LUZ,solo,1.0,999
ANF,solo,1.0,999
CEC,solo,1.0,999
YQQ,solo,1.0,999
EZS,solo,1.0,999
CBR,solo,1.0,999
BCN,primary,1.0,88.0
PLM,solo,1.0,999
YVO,solo,1.0,999
RSW,solo,1.0,999
KOA,solo,1.0,999
DGE,solo,1.0,999
PNA,solo,1.0,999
COK,solo,1.0,999
BOM,primary,1.0,58.0
AXJ,secondary,59.89,53.0
SHE,solo,1.0,999
KIV,,,
PVG,primary,1.0,45.0
HAK,solo,1.0,999
DGO,solo,1.0,999
LUK,secondary,70.97,22.0
NTE,solo,1.0,999
BNA,solo,1.0,999
SZX,secondary,1.37,38.0
BOG,solo,1.0,999
EBL,solo,1.0,999
CJU,solo,1.0,999
LPQ,solo,1.0,999
PDL,solo,1.0,999
WUH,solo,1.0,999
YCR,solo,1.0,999
ESB,solo,1.0,999
YYZ,primary,1.0,20.0
USA,secondary,135.73,29.0
TLV,solo,1.0,999
RUN,solo,1.0,999
ALC,solo,1.0,999
YNE,solo,1.0,999
SGF,solo,1.0,999
VPS,secondary,1.17,63.0
TTN,secondary,97.02,58.0
EMR,,,
XMN,primary,1.0,27.0
LRH,solo,1.0,999
RIB,solo,1.0,999
DFW,primary,1.0,18.0
BER,primary,1.0,26.0
HCJ,,,
DAM,solo,1.0,999
SOF,solo,1.0,999
VIE,primary,1.0,48.0
HIJ,primary,1.0,71.0
AEP,primary,1.0,31.0
SPN,solo,1.0,999
KHK,solo,1.0,999
RVN,solo,1.0,999
CCS,solo,1.0,999
CJC,solo,1.0,999
WNH,,,
HKT,primary,1.0,74.0
UPG,solo,1.0,999
NBO,solo,1.0,999
CCJ,primary,1.0,97.0
UKE,,,
MDE,solo,1.0,999
JKG,solo,1.0,999
AMS,primary,1.0,45.0
PMO,solo,1.0,999
PMV,solo,1.0,999
LAQ,solo,1.0,999
EWN,solo,1.0,999
PMI,solo,1.0,999
SZF,solo,1.0,999
STR,primary,1.0,84.0
JBQ,secondary,75.39,37.0
KOS,secondary,2.52,53.0
SCL,solo,1.0,999
PTY,solo,1.0,999
SMT,,,
WIL,secondary,8.1,13.0
BUS,solo,1.0,999
SFT,solo,1.0,999
FEG,secondary,3.39,93.0
YTY,,,
VSE,secondary,584.08,88.0
URT,solo,1.0,999
ILG,secondary,91.23,38.0
AYQ,solo,1.0,999
TOS,solo,1.0,999
DAB,secondary,89.81,48.0
IPI,solo,1.0,999
ATH,solo,1.0,999
BTS,secondary,15.21,48.0
BTH,secondary,13.21,29.0
BES,solo,1.0,999
MYR,solo,1.0,999
LEI,solo,1.0,999
IZO,solo,1.0,999
COS,solo,1.0,999
ZRJ,solo,1.0,999
MNL,primary,1.0,90.0
TAE,secondary,3.63,83.0
TRS,secondary,7.07,94.0
YUL,solo,1.0,999
JMJ,,,
DAD,primary,1.0,66.0
MOB,solo,1.0,999
GDN,solo,1.0,999
BSR,solo,1.0,999
YXX,secondary,27.75,63.0
PGD,secondary,5.29,49.0
GYE,solo,1.0,999
SJW,solo,1.0,999
OLX,,,
RCU,solo,1.0,999
EMA,secondary,7.51,51.0
ARM,solo,1.0,999
NZG,,,
MCT,solo,1.0,999
AER,solo,1.0,999
TAK,solo,1.0,999
REP,,,
ASF,solo,1.0,999
POP,secondary,3.69,39.0
TNA,solo,1.0,999
KOE,solo,1.0,999
TUN,primary,1.0,88.0
FRA,primary,1.0,92.0
GSO,solo,1.0,999
PLQ,solo,1.0,999
YHZ,solo,1.0,999
COV,primary,1.0,21.0
USM,solo,1.0,999
OSR,solo,1.0,999
PPS,solo,1.0,999
PAS,secondary,7.24,75.0
ELP,primary,1.0,20.0
MUC,solo,1.0,999
KSL,solo,1.0,999
HAJ,primary,1.0,89.0
OZH,solo,1.0,999
EZE,secondary,1.05,31.0
NJF,solo,1.0,999
ESU,solo,1.0,999
RDP,,,
VVI,solo,1.0,999
MUX,solo,1.0,999
TPS,secondary,5.81,60.0
ZGI,solo,1.0,999
JSJ,,,
CCA,,,
PSP,solo,1.0,999
TSF,secondary,4.35,20.0
CHA,solo,1.0,999
IKA,primary,1.0,34.0
OHE,solo,1.0,999
DRS,solo,1.0,999
LLO,,,
ROV,solo,1.0,999
SDQ,solo,1.0,999
RMO,solo,1.0,999
RZE,solo,1.0,999
LPT,secondary,34.81,79.0
MLH,secondary,42.82,0.0
NGB,primary,1.0,88.0
LBV,solo,1.0,999
BKO,solo,1.0,999
ISG,solo,1.0,999
TRO,solo,1.0,999
SMX,solo,1.0,999
MUB,solo,1.0,999
VCP,secondary,3.98,83.0
EVV,solo,1.0,999
YST,solo,1.0,999
TZL,secondary,4.87,77.0
CLJ,solo,1.0,999
SHA,secondary,1.84,45.0
FKB,secondary,5.87,84.0
RMF,solo,1.0,999
XCR,solo,1.0,999
TEB,secondary,2084.49,18.0
GHV,solo,1.0,999
RIW,solo,1.0,999
NQN,solo,1.0,999
RTI,,,
OUD,solo,1.0,999
TAS,solo,1.0,999
CNY,solo,1.0,999
BWN,solo,1.0,999
KBL,solo,1.0,999
CPD,solo,1.0,999
BKK,primary,1.0,30.0
PLS,solo,1.0,999
GJT,solo,1.0,999
MCO,primary,1.0,39.0
GUW,solo,1.0,999
EVE,solo,1.0,999
JYR,solo,1.0,999
SFB,secondary,18.83,39.0
OSI,solo,1.0,999
LKE,,,
LGW,secondary,2.46,41.0
MXP,primary,1.0,47.0
AAN,secondary,214.56,84.0
BAL,solo,1.0,999
LAX,primary,1.0,27.0
OAK,secondary,4.58,18.0
BZR,secondary,8.28,57.0
VNY,secondary,7090.83,12.0
BSK,solo,1.0,999
SYZ,solo,1.0,999
MQT,solo,1.0,999
KEM,solo,1.0,999
CZL,solo,1.0,999
SMF,solo,1.0,999
FIH,solo,1.0,999
GRO,secondary,27.69,88.0
GIG,primary,1.0,14.0
JOK,,,
BJB,solo,1.0,999
HEK,solo,1.0,999
CFS,solo,1.0,999
RDO,secondary,254.75,88.0
MBJ,solo,1.0,999
PPQ,secondary,72.74,49.0
TSA,secondary,8.36,32.0
LIS,solo,1.0,999
VCT,solo,1.0,999
ZYL,solo,1.0,999
YND,secondary,742.56,24.0
PEN,solo,1.0,999
DMM,primary,1.0,86.0
LAF,secondary,361.48,95.0
HFE,solo,1.0,999
RIZ,,,
GRU,primary,1.0,28.0
IXM,solo,1.0,999
DYU,solo,1.0,999
SUN,solo,1.0,999
QRO,solo,1.0,999
PBL,solo,1.0,999
YWK,solo,1.0,999
KMQ,solo,1.0,999
EGE,solo,1.0,999
KSR,,,
TCG,solo,1.0,999
OKE,solo,1.0,999
RSS,solo,1.0,999
YIV,solo,1.0,999
SVB,solo,1.0,999
HGN,solo,1.0,999
AWA,solo,1.0,999
HGH,solo,1.0,999
HOF,solo,1.0,999
KZN,solo,1.0,999
MAA,solo,1.0,999
SKB,secondary,4.79,91.0
ACE,primary,1.0,60.0
AVV,secondary,27.71,52.0
BHX,primary,1.0,51.0
TMP,solo,1.0,999
SDW,,,
LSC,solo,1.0,999
YHM,secondary,63.42,61.0
ZAG,solo,1.0,999
ORD,primary,1.0,25.0
NRN,secondary,9.98,56.0
XSI,solo,1.0,999
LBJ,solo,1.0,999
BCO,solo,1.0,999
SDG,solo,1.0,999
SKG,solo,1.0,999
DME,secondary,1.75,22.0
ZIG,solo,1.0,999
BEY,solo,1.0,999
LRT,solo,1.0,999
HIA,primary,1.0,90.0
DAL,secondary,4.91,18.0
SNA,secondary,9.19,31.0
AOO,solo,1.0,999
FMM,solo,1.0,999
WGN,,,
LBA,secondary,7.81,70.0
SDR,secondary,5.92,75.0
TFN,secondary,1.82,54.0
OKJ,secondary,1.96,62.0
TMJ,solo,1.0,999
KSQ,solo,1.0,999
HNL,solo,1.0,999
ANX,solo,1.0,999
CEK,solo,1.0,999
SOC,secondary,2.46,47.0
UIO,solo,1.0,999
MXV,solo,1.0,999
KAA,solo,1.0,999
BVA,secondary,14.57,58.0
TSE,,,
WMI,secondary,7.02,38.0
LUN,solo,1.0,999
GME,solo,1.0,999
ANC,solo,1.0,999
RRJ,,,
DRW,solo,1.0,999
KSN,solo,1.0,999
XIY,solo,1.0,999
NRT,secondary,1.8,60.0
DOH,solo,1.0,999
TKQ,solo,1.0,999
TJH,solo,1.0,999
BGG,solo,1.0,999
VAR,solo,1.0,999
SKP,secondary,1.2,83.0
VNO,solo,1.0,999
CHC,solo,1.0,999
INI,solo,1.0,999
VTE,primary,1.0,71.0
FDH,secondary,63.26,65.0
DSE,solo,1.0,999
ASB,solo,1.0,999
SBA,solo,1.0,999
SHI,solo,1.0,999
LDY,secondary,25.85,74.0
LYS,secondary,1.49,97.0
CIJ,solo,1.0,999
CGO,solo,1.0,999
GYD,solo,1.0,999
SIP,solo,1.0,999
AVL,secondary,1.27,67.0
ASJ,solo,1.0,999
KUH,solo,1.0,999
STL,solo,1.0,999
LIL,secondary,12.72,85.0
PVD,secondary,10.86,79.0
KRS,solo,1.0,999
NRK,secondary,21.87,44.0
GBE,solo,1.0,999
LBD,solo,1.0,999
BIQ,solo,1.0,999
ALA,solo,1.0,999
NYO,secondary,1.44,86.0
KGL,solo,1.0,999
SHV,solo,1.0,999
SAG,,,
SDF,solo,1.0,999
TRV,solo,1.0,999
YXE,solo,1.0,999
BQB,solo,1.0,999
IFN,solo,1.0,999
MOH,,,
PKB,solo,1.0,999
MCW,solo,1.0,999
TPP,solo,1.0,999
YGV,solo,1.0,999
GLA,secondary,1.7,67.0
FUK,primary,1.0,90.0
DIR,solo,1.0,999
MFM,secondary,8.96,27.0
LHW,solo,1.0,999
TDK,solo,1.0,999
KRL,solo,1.0,999
KRK,primary,1.0,67.0
TKN,solo,1.0,999
MFE,solo,1.0,999
PSA,primary,1.0,67.0
DTM,secondary,9.43,64.0
KMI,secondary,1.74,69.0
VVO,solo,1.0,999
ERZ,solo,1.0,999
LHR,primary,1.0,36.0
TIA,solo,1.0,999
DUR,solo,1.0,999
MIR,primary,1.0,45.0
WRO,solo,1.0,999
TMM,solo,1.0,999
TAY,solo,1.0,999
STT,solo,1.0,999
CFR,solo,1.0,999
BXR,solo,1.0,999
CGK,primary,1.0,30.0
ZAC,solo,1.0,999
OAG,solo,1.0,999
MZR,solo,1.0,999
EPA,secondary,16.71,19.0
CEB,primary,1.0,85.0
SXB,secondary,1.48,43.0
HND,primary,1.0,60.0
HER,primary,1.0,96.0
JIB,solo,1.0,999
CID,solo,1.0,999
NTL,solo,1.0,999
SZG,solo,1.0,999
ILO,primary,1.0,57.0
DLC,solo,1.0,999
AFZ,solo,1.0,999
VRL,secondary,584.08,80.0
PPN,solo,1.0,999
DIY,solo,1.0,999
GDE,solo,1.0,999
BFS,primary,1.0,23.0
AGP,solo,1.0,999
RIX,solo,1.0,999
SUF,solo,1.0,999
URA,solo,1.0,999
BZN,solo,1.0,999
CDG,primary,1.0,35.0
TGT,solo,1.0,999
FSD,solo,1.0,999
OCJ,secondary,47.93,56.0
FAI,solo,1.0,999
MCN,solo,1.0,999
KNS,solo,1.0,999
SLN,solo,1.0,999
ZYI,solo,1.0,999
CKB,solo,1.0,999
PBM,solo,1.0,999
ATW,solo,1.0,999
CMH,solo,1.0,999
ZAD,secondary,2.61,99.0
MRY,secondary,23.55,87.0
GPT,solo,1.0,999
TMR,solo,1.0,999
SBN,solo,1.0,999
MMM,solo,1.0,999
OUA,solo,1.0,999
FIZ,solo,1.0,999
IPL,solo,1.0,999
SYD,solo,1.0,999
BMI,solo,1.0,999
LTN,secondary,7.19,41.0
CEI,solo,1.0,999
BIA,solo,1.0,999
ARN,primary,1.0,33.0
CAI,primary,1.0,49.0
GRR,solo,1.0,999
PAP,solo,1.0,999
SXF,,,
HID,solo,1.0,999
NCU,solo,1.0,999
DSM,solo,1.0,999
MSP,solo,1.0,999
JAR,solo,1.0,999
REC,solo,1.0,999
FLL,secondary,1.74,34.0
BMA,secondary,9.78,33.0
CRD,solo,1.0,999
TXL,secondary,1.11,26.0
AYT,solo,1.0,999
HTT,,,
KKJ,secondary,13.61,61.0
OKI,solo,1.0,999
ABK,solo,1.0,999
PTJ,solo,1.0,999
ERH,solo,1.0,999
MLI,solo,1.0,999
HRB,solo,1.0,999
KZO,solo,1.0,999
HBA,solo,1.0,999
SBR,solo,1.0,999
QSR,secondary,40.68,60.0
LOK,solo,1.0,999
TKM,,,
WUX,secondary,4.56,78.0
YEG,solo,1.0,999
SBP,solo,1.0,999
MID,solo,1.0,999
THR,secondary,1.05,34.0
RKT,secondary,103.88,53.0
TNG,solo,1.0,999
EYW,solo,1.0,999
YIH,solo,1.0,999
SDJ,solo,1.0,999
LWO,solo,1.0,999
TXE,,,
HHN,secondary,33.57,92.0
PQI,solo,1.0,999
YKO,solo,1.0,999
GYA,solo,1.0,999
FRU,,,
PPG,solo,1.0,999
RJN,solo,1.0,999
MJI,solo,1.0,999
PUG,solo,1.0,999
OYE,solo,1.0,999
SAP,solo,1.0,999
VIT,secondary,21.59,49.0
HEA,solo,1.0,999
KHN,solo,1.0,999
GRV,solo,1.0,999
TLH,solo,1.0,999
LJU,solo,1.0,999
PKZ,solo,1.0,999
ADB,solo,1.0,999
IIL,solo,1.0,999
SHD,solo,1.0,999
DUB,solo,1.0,999
ITH,secondary,11.56,75.0
MCY,secondary,14.77,87.0
YQT,solo,1.0,999
MKZ,secondary,391.27,81.0
OGU,solo,1.0,999
SID,solo,1.0,999
ADA,secondary,1.03,21.0
YMA,solo,1.0,999
STV,solo,1.0,999
HHQ,solo,1.0,999
BRQ,solo,1.0,999
SVQ,solo,1.0,999
GRQ,solo,1.0,999
BCM,secondary,4.22,91.0
OSO,solo,1.0,999
BME,solo,1.0,999
ORY,secondary,2.22,35.0
MHH,solo,1.0,999
YVR,primary,1.0,63.0
SAW,secondary,2.18,63.0
KWI,solo,1.0,999
LUX,solo,1.0,999
BGO,solo,1.0,999
PVU,secondary,28.02,67.0
GZT,solo,1.0,999
ZTM,solo,1.0,999
YGO,solo,1.0,999
YBT,solo,1.0,999
OVB,solo,1.0,999
SAN,primary,1.0,30.0
TRZ,solo,1.0,999
TUI,solo,1.0,999
SYJ,solo,1.0,999
PBG,secondary,146.08,94.0
CCR,secondary,1725.23,33.0
YOH,solo,1.0,999
CCU,solo,1.0,999
LCG,secondary,2.59,45.0
TAG,secondary,5.87,85.0
FEZ,solo,1.0,999
TPA,primary,1.0,17.0
ZAT,solo,1.0,999
VBY,solo,1.0,999
ILR,solo,1.0,999
GWT,solo,1.0,999
GDB,,,
FUE,secondary,1.43,60.0
SGN,solo,1.0,999
ACZ,solo,1.0,999
MEB,secondary,543.98,8.0
JMK,solo,1.0,999
SWL,,,
BWI,secondary,1.36,48.0
VRB,solo,1.0,999
BSC,solo,1.0,999
VLC,solo,1.0,999
IKT,solo,1.0,999
BGR,solo,1.0,999
YQG,secondary,87.21,33.0
OOL,secondary,4.32,95.0
RMQ,solo,1.0,999
CZX,secondary,6.1,78.0
SJD,solo,1.0,999
RIS,solo,1.0,999
YUY,solo,1.0,999
NCE,solo,1.0,999
BHY,solo,1.0,999
YIO,solo,1.0,999
PPT,solo,1.0,999
HVN,secondary,22.73,72.0
STB,solo,1.0,999
ELH,secondary,19.16,92.0
DEB,solo,1.0,999
PAD,secondary,3.25,70.0
BJX,solo,1.0,999
ANR,secondary,92.3,64.0
BHK,solo,1.0,999
GOT,solo,1.0,999
RSI,solo,1.0,999
IAH,primary,1.0,38.0
MYJ,secondary,1.05,71.0
UTH,secondary,1.21,71.0
KIJ,solo,1.0,999
YYT,solo,1.0,999
MRU,solo,1.0,999
HFA,secondary,90.58,90.0
AZA,secondary,31.02,36.0
CNX,solo,1.0,999
IBZ,solo,1.0,999
RNS,solo,1.0,999
PVR,solo,1.0,999
HNA,solo,1.0,999
PUJ,solo,1.0,999
TUC,solo,1.0,999
PGA,solo,1.0,999
TLQ,solo,1.0,999
FKS,solo,1.0,999
ZNZ,secondary,1.5,73.0
ONT,secondary,12.39,49.0
EBG,solo,1.0,999
SHC,solo,1.0,999
GVA,primary,1.0,97.0
AXM,secondary,3.56,40.0
NCL,solo,1.0,999
CKG,solo,1.0,999
URY,solo,1.0,999
NGD,secondary,40.69,81.0
OOM,solo,1.0,999
IEG,secondary,63.84,77.0
UKA,secondary,7.61,29.0
NGO,solo,1.0,999
CWB,solo,1.0,999
HAH,solo,1.0,999
UBN,solo,1.0,999
KKS,solo,1.0,999
NSH,solo,1.0,999
CUZ,solo,1.0,999
TJA,solo,1.0,999
ILM,solo,1.0,999
VEL,solo,1.0,999
GPI,solo,1.0,999
BHH,solo,1.0,999
EIN,secondary,4.28,56.0
BRN,secondary,42.27,75.0
LED,solo,1.0,999
BJR,solo,1.0,999
CAG,solo,1.0,999
VDA,,,
FLR,secondary,2.93,67.0
ASM,solo,1.0,999
IQQ,solo,1.0,999
SZY,solo,1.0,999
GOA,solo,1.0,999
LAL,secondary,334.69,51.0
BUT,solo,1.0,999
AOI,solo,1.0,999
TGD,secondary,1.84,84.0
NLA,solo,1.0,999
SAI,solo,1.0,999
HDM,solo,1.0,999
CCF,secondary,27.71,89.0
GCM,solo,1.0,999
UGC,solo,1.0,999
BLD,secondary,6679.76,30.0
KHI,solo,1.0,999
SSA,solo,1.0,999
WGA,solo,1.0,999
FPO,solo,1.0,999
ECP,secondary,1.38,71.0
NLF,solo,1.0,999
VTZ,solo,1.0,999
XMY,solo,1.0,999
JAI,solo,1.0,999
NAN,solo,1.0,999
LCA,primary,1.0,33.0
BIL,solo,1.0,999
STN,secondary,4.13,41.0
BLA,solo,1.0,999
PTX,solo,1.0,999
TRF,solo,1.0,999
MGM,solo,1.0,999
BHE,secondary,19.16,81.0
MCI,solo,1.0,999
SFO,primary,1.0,18.0
TYS,solo,1.0,999
ORU,solo,1.0,999
BRU,primary,1.0,30.0
VUP,solo,1.0,999
SCE,solo,1.0,999
UIN,solo,1.0,999
AUH,primary,1.0,73.0
PIA,solo,1.0,999
GLU,solo,1.0,999
INZ,solo,1.0,999
COR,solo,1.0,999
PIT,solo,1.0,999
MMY,solo,1.0,999
DJE,solo,1.0,999
HUN,solo,1.0,999
NAG,solo,1.0,999
ZSJ,solo,1.0,999
CUN,solo,1.0,999
PUS,primary,1.0,83.0
GOM,solo,1.0,999
RNB,solo,1.0,999
UME,solo,1.0,999
WOL,secondary,1253.83,77.0
BFX,solo,1.0,999
EUG,solo,1.0,999
LPL,secondary,6.24,38.0
KSC,solo,1.0,999
CBB,solo,1.0,999
FGI,solo,1.0,999
MRE,solo,1.0,999
JHB,secondary,17.7,48.0
LKN,solo,1.0,999
MHC,solo,1.0,999
HKD,solo,1.0,999
HRE,solo,1.0,999
SVX,solo,1.0,999
RMU,secondary,19.18,73.0
XNA,solo,1.0,999
OKA,solo,1.0,999
VOZ,solo,1.0,999
MLX,solo,1.0,999
PDX,solo,1.0,999
MCX,solo,1.0,999
JJN,secondary,3.14,47.0
TVC,solo,1.0,999
MED,solo,1.0,999
CRL,secondary,2.65,30.0
KHV,solo,1.0,999
WXN,solo,1.0,999
YPM,solo,1.0,999
HHR,secondary,6819.6,7.0
YON,,,
STI,solo,1.0,999
JAN,solo,1.0,999
BLR,solo,1.0,999
MEX,primary,1.0,36.0
OSY,solo,1.0,999
ZRH,primary,1.0,78.0
TNR,solo,1.0,999
HOT,secondary,175.75,85.0
KMU,solo,1.0,999
IMT,solo,1.0,999
GEG,solo,1.0,999
ODS,solo,1.0,999
RIC,solo,1.0,999
EGC,secondary,24.91,97.0
BIM,secondary,262.76,98.0
BSA,solo,1.0,999
ELQ,solo,1.0,999
PNS,primary,1.0,63.0
HMO,solo,1.0,999
PRG,solo,1.0,999
IAS,solo,1.0,999
HAD,solo,1.0,999
TUS,solo,1.0,999
ZPB,solo,1.0,999
AAR,solo,1.0,999
PZU,solo,1.0,999
BHM,solo,1.0,999
TER,solo,1.0,999
MNS,solo,1.0,999
PNQ,primary,1.0,93.0
YLW,solo,1.0,999
UBB,solo,1.0,999
KID,secondary,486.51,62.0
JLG,,,
WDH,solo,1.0,999
IGD,secondary,17.85,48.0
HUX,solo,1.0,999
SVG,solo,1.0,999
CPH,primary,1.0,46.0
LEX,secondary,3.07,100.0
TQO,solo,1.0,999
PUY,solo,1.0,999
VER,solo,1.0,999
BEL,solo,1.0,999
TOE,solo,1.0,999
DMK,secondary,1.89,30.0
HAS,solo,1.0,999
MEI,solo,1.0,999
RAQ,,,
WTB,solo,1.0,999
HSA,solo,1.0,999
VFA,solo,1.0,999
AMA,solo,1.0,999
PSC,solo,1.0,999
AUS,solo,1.0,999
AKJ,solo,1.0,999
CAP,solo,1.0,999
KAC,solo,1.0,999
LIH,solo,1.0,999
SXM,solo,1.0,999
ZBR,solo,1.0,999
CLT,solo,1.0,999
ATZ,solo,1.0,999
LPB,solo,1.0,999
YPN,solo,1.0,999
DLI,secondary,2.78,97.0
FCO,primary,1.0,29.0
GAN,solo,1.0,999
DSS,primary,1.0,46.0
SMR,primary,1.0,65.0
ROW,solo,1.0,999
HBE,solo,1.0,999
TCB,solo,1.0,999
CAN,primary,1.0,99.0
BDL,solo,1.0,999
MAN,primary,1.0,38.0
DXB,primary,1.0,18.0
WYS,solo,1.0,999
CQD,solo,1.0,999
SYU,solo,1.0,999
SVJ,solo,1.0,999
DKR,secondary,1.21,46.0
IBR,secondary,93.94,46.0
FNI,secondary,37.52,42.0
GMP,secondary,4.09,32.0
HYD,solo,1.0,999
LIG,solo,1.0,999
YRS,solo,1.0,999
CGB,solo,1.0,999
COU,solo,1.0,999
CTG,primary,1.0,94.0
FDF,solo,1.0,999
CWL,secondary,6.46,43.0
MTB,solo,1.0,999
YSJ,solo,1.0,999
RUD,solo,1.0,999
MIA,primary,1.0,34.0
HVB,solo,1.0,999
DTB,solo,1.0,999
NPE,solo,1.0,999
TOB,solo,1.0,999
KWE,solo,1.0,999
JAC,solo,1.0,999
CRA,solo,1.0,999
MQN,solo,1.0,999
AGH,secondary,65.72,76.0
CCP,solo,1.0,999
MDW,secondary,3.93,25.0
SCQ,solo,1.0,999
MSN,solo,1.0,999
PGF,secondary,3.66,94.0
BOI,solo,1.0,999
DYG,solo,1.0,999
LVI,solo,1.0,999
TLL,solo,1.0,999
FOC,solo,1.0,999
ATL,solo,1.0,999
DEN,solo,1.0,999
BAV,solo,1.0,999
KPO,secondary,40.92,69.0
SPX,secondary,23.72,49.0
CAT,secondary,1472.73,20.0
DEM,solo,1.0,999
