route,dep,arr,dep_country,arr_country,type,year,region,carrier,hub_dest,forecast_pax,captured_uncapped,capacity,feed_beyond,feed_behind,p2p_outturn,fc_over_p2p,outturn_pax,fc_over_out,natural,propensity,propensity_basis,gcd_km
NAS-TPA,NAS,TPA,BS,US,FSC,2016,INTL,3M,True,14163,12552,49504,1218,393,9060,1.385,11006,1.287,12397,0.8805,qsi-share,600
DCA-BDA,DCA,BDA,US,BM,FSC,2016,INTL,AA,False,19529,18406,79872,34,1089,14273,1.29,16739,1.167,26831,0.5965,qsi-share,1328
CIJ-TDD,CIJ,TDD,BO,BO,FSC,2016,LATAM,8J,False,32885,44060,38688,9,0,4165,10.579,4340,7.577,38313,1.0,qsi-share,592
LIR-SYQ,LIR,SYQ,CR,CR,FSC,2016,LATAM,5C,False,5879,7038,6916,0,0,11668,0.603,11668,0.504,132652,0.1474,qsi-share,167
ZSA-MIA,ZSA,MIA,BS,US,FSC,2016,INTL,AA,True,2537,1672,31616,718,146,6743,0.248,9524,0.266,16140,0.1002,qsi-share,612
DGO-MDW,DGO,MDW,MX,US,LCC,2016,INTL,Y4,True,11279,11205,59904,53,21,25204,0.445,25207,0.447,14924,0.561,qsi-share,2499
CUL-PHX,CUL,PHX,MX,US,LCC,2016,INTL,Y4,True,9951,8527,72384,213,1211,15127,0.564,15313,0.65,10159,0.6218,qsi-share,1059
LAX-SCL,LAX,SCL,US,CL,FSC,2016,INTL,LA,True,36099,29885,154128,4014,2200,9223,3.24,48575,0.743,31650,0.8211,qsi-share,8980
LFW-GRU,LFW,GRU,TG,BR,FSC,2016,INTL,ET,True,2932,2410,224640,1,521,4032,0.598,63336,0.046,2096,1.0,qsi-share,6130
WUT-PVG,WUT,PVG,,CN,FSC,2016,INTL,FM,True,0,0,67392,0,0,50553,,53126,,0,1.0,qsi-share,1154
DEX-WMX,DEX,WMX,,ID,FSC,2016,INTL,IL,False,0,0,52416,0,0,40997,,40997,,0,1.0,qsi-share,101
IQQ-ASU,IQQ,ASU,CL,PY,FSC,2016,LATAM,ZP,False,2557,2503,15600,6,48,10950,0.229,11850,0.216,2176,1.0,qsi-share,1395
DFW-UIO,DFW,UIO,US,EC,FSC,2016,INTL,AA,False,24704,4461,119808,160,20083,8837,0.505,48548,0.509,4068,0.9535,qsi-share,4155
FLL-BGI,FLL,BGI,US,BB,LCC,2016,INTL,B6,False,19813,14916,218400,677,4219,57160,0.261,71915,0.276,44185,0.2501,qsi-share,2594
CUN-CGN,CUN,CGN,MX,DE,ULCC,2016,INTL,EW,True,20392,20392,127296,0,0,55773,0.366,56301,0.362,30481,0.8741,qsi-share,8476
GCM-PHL,GCM,PHL,KY,US,FSC,2016,INTL,AA,True,7006,6390,31200,429,187,6060,1.054,10830,0.647,6039,0.92,qsi-share,2361
PIT-CUN,PIT,CUN,US,MX,FSC,2016,INTL,AA,True,48974,62995,57616,310,14418,17434,3.613,17685,2.769,124672,0.4394,qsi-share,2250
CKG-CXR,CKG,CXR,CN,VN,FSC,2016,INTL,CA,False,635,43,181480,8,584,37621,0.001,51553,0.012,39,0.9675,qsi-share,1988
HKG-OOL,HKG,OOL,HK,AU,FSC,2016,APAC,HX,False,1697,914,91104,269,514,23308,0.039,39786,0.043,798,1.0,qsi-share,7033
BHY-BKK,BHY,BKK,CN,TH,LCC,2016,INTL,9C,True,31824,23005,37440,162,9370,28465,0.808,28948,1.099,198253,0.086,qsi-share,1255
SIN-ATQ,SIN,ATQ,SG,IN,FSC,2016,INTL,TZ,False,10803,10386,156000,231,186,88053,0.118,98342,0.11,9340,1.0,qsi-share,4554
CXR-KMG,CXR,KMG,VN,CN,LCC,2016,INTL,8L,True,272,175,76440,76,21,40952,0.004,43306,0.006,168,0.7743,qsi-share,1596
DMK-SWA,DMK,SWA,TH,CN,LCC,2016,INTL,FD,False,27746,26264,131040,1011,471,93262,0.282,97417,0.285,79025,0.2462,qsi-share,1999
MHH-ATL,MHH,ATL,BS,US,FSC,2016,INTL,DL,True,11599,2824,67600,8748,26,10891,0.259,22001,0.527,27995,0.0877,qsi-share,1059
ANF-LIM,ANF,LIM,CL,PE,FSC,2016,LATAM,LA,True,1788,1471,44928,55,261,12994,0.113,32029,0.056,1888,0.6777,qsi-share,1450
ELH-ATL,ELH,ATL,BS,US,FSC,2016,INTL,DL,True,9814,1995,27040,7793,26,5321,0.375,11363,0.864,25719,0.0675,qsi-share,1175
FRA-PTY,FRA,PTY,DE,PA,FSC,2016,INTL,LH,True,12385,3606,312000,1388,7391,14890,0.242,129602,0.096,3947,0.7943,qsi-share,9085
FCO-SCL,FCO,SCL,IT,CL,FSC,2016,INTL,AZ,True,37254,14541,304720,475,22238,20654,0.704,114916,0.324,13715,0.9219,qsi-share,11883
POI-CBB,POI,CBB,BO,BO,FSC,2016,LATAM,OB,False,30940,64517,36400,169,0,21449,3.008,30207,1.024,181663,0.3088,qsi-share,240
CGN-POP,CGN,POP,DE,DO,ULCC,2016,INTL,EW,False,18062,18062,128960,0,0,45341,0.398,51597,0.35,45988,0.2182,qsi-share,7461
KIX-MMY,KIX,MMY,JP,JP,FSC,2016,APAC,NH,False,24940,24419,120848,358,163,80966,0.302,82058,0.304,29707,0.7148,qsi-share,1439
HDY-UTP,HDY,UTP,TH,TH,LCC,2016,APAC,FD,False,3047,3044,131040,0,3,102920,0.03,103279,0.03,3761,0.5996,qsi-share,642
KUL-CSX,KUL,CSX,MY,CN,FSC,2016,INTL,CZ,True,22302,16447,184808,5275,580,126112,0.13,156687,0.142,14525,0.9846,qsi-share,3080
DXB-CEB,DXB,CEB,AE,PH,FSC,2016,INTL,EK,False,22585,17580,257712,601,4403,10002,1.758,107927,0.209,16903,0.9044,qsi-share,7376
UTP-MFM,UTP,MFM,TH,MO,LCC,2016,INTL,FD,False,4561,2369,74880,2161,31,56616,0.042,56665,0.08,2162396,0.0008,qsi-share,1696
HDY-CEI,HDY,CEI,TH,TH,LCC,2016,APAC,FD,False,3257,3144,131040,39,73,101786,0.031,101793,0.032,2630,0.8855,qsi-share,1448
SHE-DMK,SHE,DMK,CN,TH,LCC,2016,INTL,XW,True,26601,25862,129480,727,13,106562,0.243,106654,0.249,37372,0.9772,qsi-share,3790
YTY-KIX,YTY,KIX,,JP,LCC,2016,INTL,9C,True,1416,0,56160,19,1396,52204,,53441,0.026,0,1.0,qsi-share,1452
RIZ-PEK,RIZ,PEK,,CN,FSC,2016,INTL,SC,True,0,0,121576,0,0,87349,,92006,,0,1.0,qsi-share,571
SYX-ICN,SYX,ICN,CN,KR,LCC,2016,INTL,TW,True,33837,33368,78000,368,101,96535,0.346,96642,0.35,48517,0.5141,qsi-share,2699
DEL-SFO,DEL,SFO,IN,US,FSC,2016,INTL,AI,True,161733,134508,297024,1301,25924,57647,2.333,121875,1.327,123299,0.9521,qsi-share,12376
WUH-FCO,WUH,FCO,CN,IT,FSC,2016,INTL,CZ,True,40637,3142,209040,365,37130,8940,0.351,55212,0.736,2732,1.0,qsi-share,8665
MRU-SIN,MRU,SIN,MU,SG,FSC,2016,INTL,MK,True,7159,5399,171600,88,1673,15049,0.359,83822,0.085,4694,1.0,qsi-share,5588
RUH-MLE,RUH,MLE,SA,MV,FSC,2016,INTL,SV,False,30525,7306,142688,732,22487,6198,1.179,44400,0.688,6353,1.0,qsi-share,3679
GBT-MHD,GBT,MHD,IR,IR,FSC,2016,OTH,EP,False,28907,36570,34008,0,17,27851,1.313,29819,0.969,65475,0.4857,qsi-share,473
KRT-DAM,KRT,DAM,SD,SY,FSC,2016,OTH,4J,False,3,0,147680,3,0,41989,,43186,0.0,0,1.0,qsi-share,2018
DOH-BOS,DOH,BOS,QA,US,FSC,2016,INTL,QR,True,34006,3104,412048,244,30657,10274,0.302,141509,0.24,2699,1.0,qsi-share,10464
ATL-DOH,ATL,DOH,US,QA,FSC,2016,INTL,QR,True,7265,2467,500656,3774,1024,7298,0.338,179505,0.04,2170,0.9886,qsi-share,11978
KRT-DMM,KRT,DMM,SD,SA,LCC,2016,INTL,XY,True,48108,48108,68224,0,0,32040,1.502,32293,1.49,35636,1.0,qsi-share,2153
HMB-HOF,HMB,HOF,EG,SA,LCC,2016,MEA,SM,False,246,221,36816,21,4,11013,0.02,11015,0.022,169,0.9678,qsi-share,1778
PSA-DOH,PSA,DOH,IT,QA,FSC,2016,INTL,QR,True,13742,2041,192192,9888,1813,3307,0.617,77214,0.178,3159,0.562,qsi-share,4236
DAM-NJF,DAM,NJF,SY,IQ,FSC,2016,OTH,6Q,False,43627,43627,164632,0,0,56594,0.771,57304,0.761,37936,1.0,qsi-share,755
IKA-TBS,IKA,TBS,IR,GE,FSC,2016,OTH,I3,False,3004,2262,364416,451,292,21995,0.103,22286,0.135,3893,0.5052,qsi-share,879
OSR-DXB,OSR,DXB,CZ,AE,LCC,2016,INTL,QS,True,3067,12,0,2,3052,9162,0.001,9184,0.334,18,0.5138,qsi-share,0
PFO-HFA,PFO,HFA,CY,IL,FSC,2016,INTL,U8,False,0,0,31200,0,0,6633,,6633,,0,0.2142,qsi-share,317
VDA-KUN,VDA,KUN,,LT,ULCC,2016,INTL,FR,False,3409,3409,0,0,0,11002,0.31,11002,0.31,1894,1.0,qsi-share,0
ROS-PTY,ROS,PTY,AR,PA,FSC,2016,LATAM,CM,True,1124,16,64064,1056,53,11345,0.001,103499,0.011,21,0.6475,qsi-share,5063
AXM-PAC,AXM,PAC,CO,PA,FSC,2016,LATAM,7P,False,3200,3170,31200,30,0,17437,0.182,18398,0.174,222391,0.0124,qsi-share,653
PUJ-ORY,PUJ,ORY,DO,FR,FSC,2016,INTL,TX,True,12452,11005,147680,544,903,77843,0.141,79029,0.158,145506,0.3793,qsi-share,7059
XUZ-KIX,XUZ,KIX,CN,JP,LCC,2016,INTL,8L,True,3446,774,38688,3,2669,23292,0.033,23331,0.148,702,0.816,qsi-share,1650
ABX-BNE,ABX,BNE,AU,AU,FSC,2016,APAC,JG,True,17503,42408,20592,291,284,18586,2.282,18624,0.94,239567,0.1539,qsi-share,1127
SYD-OOM,SYD,OOM,AU,AU,FSC,2016,APAC,ZL,False,0,0,17680,0,0,12744,,13854,,0,0.9188,qsi-share,330
MNL-SPN,MNL,SPN,PH,MP,FSC,2016,OTH,2P,False,4709,4649,64896,8,53,7845,0.593,10938,0.431,4546,0.8892,qsi-share,2652
BNE-ARM,BNE,ARM,AU,AU,FSC,2016,APAC,FC,False,1123,1016,11856,56,51,10122,0.1,10225,0.11,1256,0.7038,qsi-share,377
RSS-KRT,RSS,KRT,SD,SD,FSC,2016,OTH,J4,False,0,0,22880,0,0,19563,,20268,,0,1.0,qsi-share,463
MRU-IST,MRU,IST,MU,TR,FSC,2016,INTL,TK,True,7859,959,180336,6852,48,4664,0.206,120499,0.065,834,1.0,qsi-share,7445
KHX-KSE,KHX,KSE,,UG,FSC,2016,OTH,A8,False,0,0,16016,0,0,5649,,7914,,0,1.0,qsi-share,109
SXB-CZL,SXB,CZL,FR,DZ,FSC,2016,INTL,SF,False,27404,34289,32240,24,11,8819,3.888,8828,3.104,69556,0.4291,qsi-share,1365
CMN-SVO,CMN,SVO,MA,RU,FSC,2016,INTL,AT,True,12311,8834,99216,169,3307,11968,0.738,35068,0.351,9198,0.8925,qsi-share,4239
KTL-LOK,KTL,LOK,KE,KE,FSC,2016,AFR,B5,False,514,514,36920,0,0,15022,0.034,16975,0.03,9690,0.0461,qsi-share,249
SFA-MRA,SFA,MRA,TN,LY,FSC,2016,INTL,8U,False,1182,1156,34944,24,2,28893,0.04,28915,0.041,10807,0.093,qsi-share,484
SAV-IND,SAV,IND,US,US,ULCC,2016,NA,G4,False,31294,40712,36816,0,0,10456,3.894,10456,2.993,58025,0.3898,qsi-share,959
CVG-PHX,CVG,PHX,US,US,ULCC,2016,NA,F9,True,111384,159225,131040,0,0,91666,1.737,92158,1.209,279141,0.3169,qsi-share,2517
STL-ICT,STL,ICT,US,US,LCC,2016,NA,WN,False,25943,10646,193336,696,14601,42992,0.248,145561,0.178,10101,0.7807,qsi-share,626
XTL-XLB,XTL,XLB,CA,CA,FSC,2016,NA,YP,False,0,0,9880,0,0,4882,,5453,,3790,0,qsi-share,171
GLH-BNA,GLH,BNA,US,US,FSC,2016,NA,4B,True,2884,179,11232,2705,0,3743,0.048,5604,0.515,20776,0.0075,qsi-share,491
RNO-BOI,RNO,BOI,US,US,FSC,2016,NA,AS,False,31264,25480,55328,1658,4126,26704,0.954,38784,0.806,58153,0.381,qsi-share,539
AGP-JFK,AGP,JFK,ES,US,FSC,2016,INTL,DL,True,69285,48447,329056,2018,18820,22098,2.192,35431,1.955,48955,0.8851,qsi-share,5871
BWI-AVL,BWI,AVL,US,US,ULCC,2016,NA,G4,False,27471,27471,34528,0,0,20319,1.352,20321,1.352,143886,0.2281,qsi-share,663
PIT-SFB,PIT,SFB,US,US,ULCC,2016,NA,G4,True,29349,71415,34528,0,0,33153,2.154,33159,0.885,678672,0.403,qsi-share,1305
ASE-ORD,ASE,ORD,US,US,FSC,2016,NA,AA,True,18564,1026,21840,39916,555,31101,0.033,79317,0.234,790843,0.0011,qsi-share,1625
KEF-ORD,KEF,ORD,IS,US,FSC,2016,INTL,FI,True,39641,4408,332176,164,35069,67021,0.066,126110,0.314,4929,0.7811,qsi-share,4723
YZV-YBC,YZV,YBC,CA,CA,FSC,2016,NA,P6,False,11043,10975,14560,66,2,6281,1.747,6667,1.656,37980,0.3769,qsi-share,185
DFW-ANC,DFW,ANC,US,US,FSC,2016,NA,AA,True,48797,24121,57408,36,33777,12349,1.953,38889,1.255,22380,0.9372,qsi-share,4886
MYR-LEX,MYR,LEX,US,US,ULCC,2016,NA,G4,False,19745,19745,34528,0,0,9398,2.101,9401,2.1,20128,0.545,qsi-share,705
