airport,term_o,term_d,dom_int,mct_min
ABQ,,,DOMDOM,30
ABQ,,,DOMINT,30
ABQ,,,INTDOM,60
ACC,,,INTINT,45
ACC,,,DOMDOM,45
ACC,,,INTDOM,45
ACC,,,DOMINT,45
ADD,,,DOMDOM,30
ADD,,,DOMINT,60
ADD,,,INTDOM,60
ADD,,,INTINT,45
AKL,D,D,DOMDOM,20
AKL,D,D,DOMINT,75
AKL,D,D,INTDOM,90
AKL,D,D,INTINT,55
AKL,D,I,DOMDOM,20
AKL,D,I,DOMINT,75
AKL,D,I,INTDOM,90
AKL,D,I,INTINT,55
AKL,I,D,DOMDOM,20
AKL,I,D,DOMINT,75
AKL,I,D,INTDOM,90
AKL,I,D,INTINT,55
AKL,I,I,DOMDOM,20
AKL,I,I,DOMINT,75
AKL,I,I,INTDOM,90
AKL,I,I,INTINT,55
ALA,,,DOMDOM,30
ALA,,,DOMINT,60
ALA,,,INTDOM,60
ALA,,,INTINT,60
AMM,1,1,DOMDOM,30
AMM,1,1,DOMINT,60
AMM,1,1,INTDOM,60
AMM,1,1,INTINT,45
AMM,1,2,DOMDOM,30
AMM,1,2,DOMINT,60
AMM,1,2,INTDOM,60
AMM,1,2,INTINT,45
AMM,2,1,DOMDOM,30
AMM,2,1,DOMINT,60
AMM,2,1,INTDOM,60
AMM,2,1,INTINT,45
AMM,2,2,DOMDOM,30
AMM,2,2,DOMINT,60
AMM,2,2,INTDOM,60
AMM,2,2,INTINT,45
AMS,,,INTINT,50
ANC,S,N,DOMINT,60
ANC,,,DOMDOM,30
ANC,,,DOMINT,60
ANC,,,INTDOM,60
ANC,,,INTINT,60
ARN,2,2,DOMDOM,15
ARN,2,2,DOMINT,45
ARN,2,2,INTDOM,50
ARN,2,2,INTINT,30
ARN,2,3,DOMDOM,25
ARN,2,3,DOMINT,45
ARN,2,3,INTDOM,50
ARN,2,3,INTINT,60
ARN,2,4,DOMDOM,25
ARN,2,4,DOMINT,45
ARN,2,4,INTDOM,50
ARN,2,4,INTINT,60
ARN,2,5,DOMDOM,25
ARN,2,5,DOMINT,45
ARN,2,5,INTDOM,50
ARN,2,5,INTINT,60
ARN,3,2,DOMDOM,25
ARN,3,2,DOMINT,45
ARN,3,2,INTDOM,50
ARN,3,2,INTINT,60
ARN,3,3,DOMDOM,15
ARN,3,4,DOMDOM,25
ARN,3,4,DOMINT,45
ARN,3,4,INTDOM,50
ARN,3,4,INTINT,60
ARN,3,5,DOMDOM,25
ARN,3,5,DOMINT,45
ARN,3,5,INTDOM,50
ARN,3,5,INTINT,60
ARN,4,2,DOMDOM,25
ARN,4,2,DOMINT,45
ARN,4,2,INTDOM,50
ARN,4,2,INTINT,60
ARN,4,3,DOMDOM,25
ARN,4,3,DOMINT,45
ARN,4,3,INTDOM,50
ARN,4,3,INTINT,60
ARN,4,4,DOMDOM,20
ARN,4,5,DOMDOM,25
ARN,4,5,DOMINT,45
ARN,4,5,INTDOM,50
ARN,4,5,INTINT,60
ARN,5,2,DOMDOM,25
ARN,5,2,DOMINT,45
ARN,5,2,INTDOM,50
ARN,5,2,INTINT,60
ARN,5,3,DOMDOM,25
ARN,5,3,DOMINT,45
ARN,5,3,INTDOM,50
ARN,5,3,INTINT,60
ARN,5,4,DOMDOM,25
ARN,5,4,DOMINT,45
ARN,5,4,INTDOM,50
ARN,5,4,INTINT,60
ARN,5,5,INTINT,30
ATL,I,N,INTDOM,90
ATL,I,S,INTDOM,90
ATL,N,S,DOMDOM,55
ATL,N,S,DOMINT,60
ATL,N,S,INTDOM,90
ATL,N,S,INTINT,90
ATL,N,N,DOMDOM,55
ATL,N,N,DOMINT,60
ATL,N,N,INTDOM,90
ATL,N,N,INTINT,90
ATL,N,B,DOMINT,60
ATL,N,I,DOMINT,60
ATL,S,N,DOMDOM,55
ATL,S,N,DOMINT,60
ATL,S,N,INTDOM,90
ATL,S,N,INTINT,90
ATL,S,S,DOMDOM,55
ATL,S,S,DOMINT,60
ATL,S,S,INTDOM,90
ATL,S,S,INTINT,90
ATL,S,B,DOMINT,60
ATL,S,I,DOMINT,60
AUH,1,1,DOMDOM,60
AUH,1,1,DOMINT,60
AUH,1,1,INTINT,60
AUH,1,1,INTDOM,60
AUH,1,2,DOMDOM,60
AUH,1,2,DOMINT,60
AUH,1,2,INTINT,60
AUH,1,2,INTDOM,60
AUH,1,3,DOMDOM,60
AUH,1,3,DOMINT,60
AUH,1,3,INTINT,60
AUH,1,3,INTDOM,60
AUH,2,1,DOMDOM,60
AUH,2,1,DOMINT,60
AUH,2,1,INTINT,60
AUH,2,1,INTDOM,60
AUH,2,2,DOMDOM,60
AUH,2,2,DOMINT,60
AUH,2,2,INTINT,60
AUH,2,2,INTDOM,60
AUH,2,3,DOMDOM,60
AUH,2,3,DOMINT,60
AUH,2,3,INTINT,60
AUH,2,3,INTDOM,60
AUH,3,1,DOMDOM,60
AUH,3,1,DOMINT,60
AUH,3,1,INTINT,60
AUH,3,1,INTDOM,60
AUH,3,2,DOMDOM,60
AUH,3,2,DOMINT,60
AUH,3,2,INTINT,60
AUH,3,2,INTDOM,60
AUH,3,3,DOMDOM,60
AUH,3,3,DOMINT,60
AUH,3,3,INTINT,60
AUH,3,3,INTDOM,60
BCN,1,1,DOMDOM,45
BCN,1,1,DOMINT,55
BCN,1,1,INTDOM,55
BCN,1,1,INTINT,45
BCN,1,2,DOMDOM,75
BCN,1,2,DOMINT,80
BCN,1,2,INTDOM,80
BCN,1,2,INTINT,75
BCN,2,1,DOMDOM,75
BCN,2,1,DOMINT,80
BCN,2,1,INTDOM,80
BCN,2,1,INTINT,75
BCN,2,2,DOMDOM,30
BCN,2,2,DOMINT,45
BCN,2,2,INTDOM,45
BCN,2,2,INTINT,45
BER,,,DOMDOM,45
BER,,,DOMINT,45
BER,,,INTDOM,45
BER,,,INTINT,45
BNE,D,I,DOMDOM,30
BNE,D,I,DOMINT,90
BNE,D,I,INTDOM,90
BNE,D,I,INTINT,50
BNE,D,D,DOMDOM,30
BNE,D,D,DOMINT,90
BNE,D,D,INTDOM,90
BNE,D,D,INTINT,50
BNE,I,I,DOMDOM,30
BNE,I,I,DOMINT,90
BNE,I,I,INTDOM,90
BNE,I,I,INTINT,50
BNE,I,D,DOMDOM,30
BNE,I,D,DOMINT,90
BNE,I,D,INTDOM,90
BNE,I,D,INTINT,50
BOG,1,1,DOMDOM,20
BOG,1,1,DOMINT,50
BOG,1,1,INTDOM,60
BOG,1,1,INTINT,90
BOG,1,2,DOMDOM,20
BOG,1,2,DOMINT,60
BOG,1,2,INTDOM,60
BOG,1,2,INTINT,90
BOG,2,1,DOMDOM,20
BOG,2,1,DOMINT,60
BOG,2,1,INTDOM,60
BOG,2,1,INTINT,90
BOG,2,2,DOMDOM,20
BOG,2,2,DOMINT,50
BOG,2,2,INTDOM,60
BOG,2,2,INTINT,90
BOM,1,1,DOMDOM,30
BOM,1,1,DOMINT,150
BOM,1,1,INTDOM,180
BOM,1,1,INTINT,90
BOM,1,2,DOMDOM,30
BOM,1,2,DOMINT,150
BOM,1,2,INTDOM,180
BOM,1,2,INTINT,90
BOM,2,1,DOMDOM,30
BOM,2,1,DOMINT,150
BOM,2,1,INTDOM,180
BOM,2,1,INTINT,90
BOM,2,2,DOMDOM,30
BOM,2,2,DOMINT,150
BOM,2,2,INTDOM,180
BOM,2,2,INTINT,90
BOS,A,A,DOMDOM,40
BOS,A,A,DOMINT,60
BOS,A,A,INTDOM,90
BOS,A,A,INTINT,75
BOS,A,B,DOMDOM,40
BOS,A,B,DOMINT,60
BOS,A,B,INTDOM,90
BOS,A,B,INTINT,75
BOS,A,C,DOMDOM,40
BOS,A,C,DOMINT,60
BOS,A,C,INTDOM,90
BOS,A,C,INTINT,75
BOS,A,E,DOMINT,60
BOS,A,E,INTINT,75
BOS,B,A,DOMDOM,40
BOS,B,A,DOMINT,60
BOS,B,A,INTDOM,90
BOS,B,A,INTINT,75
BOS,B,B,DOMDOM,40
BOS,B,B,DOMINT,60
BOS,B,B,INTDOM,90
BOS,B,B,INTINT,75
BOS,B,C,DOMDOM,40
BOS,B,C,DOMINT,60
BOS,B,C,INTDOM,90
BOS,B,C,INTINT,75
BOS,B,E,DOMINT,60
BOS,B,E,INTINT,75
BOS,C,A,DOMDOM,40
BOS,C,A,DOMINT,60
BOS,C,A,INTDOM,90
BOS,C,A,INTINT,75
BOS,C,B,DOMDOM,40
BOS,C,B,DOMINT,60
BOS,C,B,INTDOM,90
BOS,C,B,INTINT,75
BOS,C,C,DOMDOM,40
BOS,C,C,DOMINT,60
BOS,C,C,INTDOM,90
BOS,C,C,INTINT,75
BOS,C,E,DOMINT,60
BOS,C,E,INTINT,75
BOS,E,E,DOMINT,60
BOS,E,A,INTDOM,90
BOS,E,A,INTINT,75
BOS,E,B,INTDOM,90
BOS,E,B,INTINT,75
BOS,E,C,INTDOM,90
BOS,E,C,INTINT,75
BOS,E,E,INTDOM,90
BOS,E,E,INTINT,75
BRU,,,DOMDOM,50
BRU,,,DOMINT,50
BRU,,,INTDOM,50
BRU,,,INTINT,50
BSB,,,DOMDOM,30
BSB,,,DOMINT,45
BSB,,,INTDOM,60
BSB,,,INTINT,60
BWI,,,DOMDOM,35
BWI,,,DOMINT,60
BWI,,,INTDOM,75
BWI,,,INTINT,90
CAI,1,1,DOMDOM,90
CAI,1,1,DOMINT,120
CAI,1,1,INTDOM,120
CAI,1,1,INTINT,120
CAI,1,2,DOMINT,180
CAI,1,2,INTINT,180
CAI,1,3,DOMDOM,150
CAI,1,3,DOMINT,180
CAI,1,3,INTDOM,180
CAI,1,3,INTINT,180
CAI,2,1,INTDOM,180
CAI,2,1,INTINT,180
CAI,2,2,INTINT,120
CAI,2,3,INTDOM,120
CAI,2,3,INTINT,150
CAI,3,1,DOMDOM,150
CAI,3,1,DOMINT,180
CAI,3,1,INTDOM,180
CAI,3,1,INTINT,180
CAI,3,2,DOMINT,120
CAI,3,2,INTINT,120
CAI,3,3,DOMDOM,60
CAI,3,3,DOMINT,120
CAI,3,3,INTDOM,120
CAI,3,3,INTINT,120
CAN,0,0,DOMDOM,120
CAN,0,0,DOMINT,150
CAN,0,0,INTDOM,120
CAN,0,0,INTINT,150
CAN,0,1,DOMDOM,120
CAN,0,1,DOMINT,150
CAN,0,1,INTDOM,120
CAN,0,1,INTINT,150
CAN,0,2,DOMDOM,120
CAN,0,2,DOMINT,150
CAN,0,2,INTDOM,120
CAN,0,2,INTINT,150
CAN,1,0,DOMDOM,120
CAN,1,0,DOMINT,150
CAN,1,0,INTDOM,120
CAN,1,0,INTINT,150
CAN,1,1,DOMDOM,120
CAN,1,1,DOMINT,150
CAN,1,1,INTDOM,120
CAN,1,1,INTINT,150
CAN,1,2,DOMDOM,120
CAN,1,2,DOMINT,150
CAN,1,2,INTDOM,120
CAN,1,2,INTINT,150
CAN,2,0,DOMDOM,120
CAN,2,0,DOMINT,150
CAN,2,0,INTDOM,120
CAN,2,0,INTINT,150
CAN,2,1,DOMDOM,120
CAN,2,1,DOMINT,150
CAN,2,1,INTDOM,120
CAN,2,1,INTINT,150
CAN,2,2,DOMDOM,120
CAN,2,2,DOMINT,150
CAN,2,2,INTDOM,120
CAN,2,2,INTINT,150
CCS,,,DOMDOM,30
CCS,,,DOMINT,120
CCS,,,INTDOM,120
CCS,,,INTINT,60
CDG,1,1,DOMDOM,90
CDG,1,1,DOMINT,90
CDG,1,1,INTDOM,90
CDG,1,1,INTINT,90
CDG,1,2A,DOMDOM,120
CDG,1,2A,DOMINT,120
CDG,1,2A,INTDOM,120
CDG,1,2A,INTINT,120
CDG,1,2B,DOMDOM,120
CDG,1,2B,DOMINT,120
CDG,1,2B,INTDOM,120
CDG,1,2B,INTINT,120
CDG,1,2C,DOMDOM,120
CDG,1,2C,DOMINT,120
CDG,1,2C,INTDOM,120
CDG,1,2C,INTINT,120
CDG,1,2D,DOMDOM,120
CDG,1,2D,DOMINT,120
CDG,1,2D,INTDOM,120
CDG,1,2D,INTINT,120
CDG,1,2E,DOMDOM,120
CDG,1,2E,DOMINT,120
CDG,1,2E,INTDOM,120
CDG,1,2E,INTINT,120
CDG,1,2F,DOMDOM,120
CDG,1,2F,DOMINT,120
CDG,1,2F,INTDOM,120
CDG,1,2F,INTINT,120
CDG,1,2G,DOMDOM,150
CDG,1,2G,DOMINT,150
CDG,1,2G,INTDOM,150
CDG,1,2G,INTINT,150
CDG,1,3,DOMDOM,120
CDG,1,3,DOMINT,120
CDG,1,3,INTDOM,120
CDG,1,3,INTINT,120
CDG,3,1,DOMDOM,120
CDG,3,1,DOMINT,120
CDG,3,1,INTDOM,120
CDG,3,1,INTINT,120
CDG,3,2A,DOMDOM,120
CDG,3,2A,DOMINT,120
CDG,3,2A,INTDOM,120
CDG,3,2A,INTINT,120
CDG,3,2B,DOMDOM,120
CDG,3,2B,DOMINT,120
CDG,3,2B,INTDOM,120
CDG,3,2B,INTINT,120
CDG,3,2C,DOMDOM,120
CDG,3,2C,DOMINT,120
CDG,3,2C,INTDOM,120
CDG,3,2C,INTINT,120
CDG,3,2D,DOMDOM,120
CDG,3,2D,DOMINT,120
CDG,3,2D,INTDOM,120
CDG,3,2D,INTINT,120
CDG,3,2E,DOMDOM,120
CDG,3,2E,DOMINT,120
CDG,3,2E,INTDOM,120
CDG,3,2E,INTINT,120
CDG,3,2F,DOMDOM,120
CDG,3,2F,DOMINT,120
CDG,3,2F,INTDOM,120
CDG,3,2F,INTINT,120
CDG,3,2G,DOMDOM,120
CDG,3,2G,DOMINT,120
CDG,3,2G,INTDOM,120
CDG,3,2G,INTINT,120
CDG,3,3,DOMDOM,60
CDG,3,3,DOMINT,60
CDG,3,3,INTDOM,60
CDG,3,3,INTINT,60
CDG,2A,1,DOMDOM,120
CDG,2A,1,DOMINT,120
CDG,2A,1,INTDOM,120
CDG,2A,1,INTINT,120
CDG,2A,2A,DOMDOM,90
CDG,2A,2A,DOMINT,90
CDG,2A,2A,INTDOM,90
CDG,2A,2A,INTINT,90
CDG,2A,2B,DOMDOM,90
CDG,2A,2B,DOMINT,90
CDG,2A,2B,INTDOM,90
CDG,2A,2B,INTINT,90
CDG,2A,2C,DOMDOM,90
CDG,2A,2C,DOMINT,90
CDG,2A,2C,INTDOM,90
CDG,2A,2C,INTINT,90
CDG,2A,2D,DOMDOM,90
CDG,2A,2D,DOMINT,90
CDG,2A,2D,INTDOM,90
CDG,2A,2D,INTINT,90
CDG,2A,2E,DOMDOM,90
CDG,2A,2E,DOMINT,90
CDG,2A,2E,INTDOM,90
CDG,2A,2E,INTINT,90
CDG,2A,2F,DOMDOM,90
CDG,2A,2F,DOMINT,90
CDG,2A,2F,INTDOM,90
CDG,2A,2F,INTINT,90
CDG,2A,2G,DOMDOM,120
CDG,2A,2G,DOMINT,120
CDG,2A,2G,INTDOM,120
CDG,2A,2G,INTINT,120
CDG,2A,3,DOMDOM,120
CDG,2A,3,DOMINT,120
CDG,2A,3,INTDOM,120
CDG,2A,3,INTINT,120
CDG,2B,1,DOMDOM,120
CDG,2B,1,DOMINT,120
CDG,2B,1,INTDOM,120
CDG,2B,1,INTINT,120
CDG,2B,2A,DOMDOM,90
CDG,2B,2A,DOMINT,90
CDG,2B,2A,INTDOM,90
CDG,2B,2A,INTINT,90
CDG,2B,2B,DOMDOM,90
CDG,2B,2B,DOMINT,90
CDG,2B,2B,INTDOM,90
CDG,2B,2B,INTINT,90
CDG,2B,2C,DOMDOM,90
CDG,2B,2C,DOMINT,90
CDG,2B,2C,INTDOM,90
CDG,2B,2C,INTINT,90
CDG,2B,2D,DOMDOM,90
CDG,2B,2D,DOMINT,90
CDG,2B,2D,INTDOM,90
CDG,2B,2D,INTINT,90
CDG,2B,2E,DOMDOM,90
CDG,2B,2E,DOMINT,90
CDG,2B,2E,INTDOM,90
CDG,2B,2E,INTINT,90
CDG,2B,2F,DOMDOM,90
CDG,2B,2F,DOMINT,90
CDG,2B,2F,INTDOM,90
CDG,2B,2F,INTINT,90
CDG,2B,2G,DOMDOM,120
CDG,2B,2G,DOMINT,120
CDG,2B,2G,INTDOM,120
CDG,2B,2G,INTINT,120
CDG,2B,3,DOMDOM,120
CDG,2B,3,DOMINT,120
CDG,2B,3,INTDOM,120
CDG,2B,3,INTINT,120
CDG,2C,1,DOMDOM,120
CDG,2C,1,DOMINT,120
CDG,2C,1,INTDOM,120
CDG,2C,1,INTINT,120
CDG,2C,2A,DOMDOM,90
CDG,2C,2A,DOMINT,90
CDG,2C,2A,INTDOM,90
CDG,2C,2A,INTINT,90
CDG,2C,2B,DOMDOM,90
CDG,2C,2B,DOMINT,90
CDG,2C,2B,INTDOM,90
CDG,2C,2B,INTINT,90
CDG,2C,2C,DOMDOM,90
CDG,2C,2C,DOMINT,90
CDG,2C,2C,INTDOM,90
CDG,2C,2C,INTINT,90
CDG,2C,2D,DOMDOM,90
CDG,2C,2D,DOMINT,90
CDG,2C,2D,INTDOM,90
CDG,2C,2D,INTINT,90
CDG,2C,2E,DOMDOM,90
CDG,2C,2E,DOMINT,90
CDG,2C,2E,INTDOM,90
CDG,2C,2E,INTINT,90
CDG,2C,2F,DOMDOM,90
CDG,2C,2F,DOMINT,90
CDG,2C,2F,INTDOM,90
CDG,2C,2F,INTINT,90
CDG,2C,2G,DOMDOM,120
CDG,2C,2G,DOMINT,120
CDG,2C,2G,INTDOM,120
CDG,2C,2G,INTINT,120
CDG,2C,3,DOMDOM,120
CDG,2C,3,DOMINT,120
CDG,2C,3,INTDOM,120
CDG,2C,3,INTINT,120
CDG,2D,1,DOMDOM,120
CDG,2D,1,DOMINT,120
CDG,2D,1,INTDOM,120
CDG,2D,1,INTINT,120
CDG,2D,2A,DOMDOM,90
CDG,2D,2A,DOMINT,90
CDG,2D,2A,INTDOM,90
CDG,2D,2A,INTINT,90
CDG,2D,2B,DOMDOM,90
CDG,2D,2B,DOMINT,90
CDG,2D,2B,INTDOM,90
CDG,2D,2B,INTINT,90
CDG,2D,2C,DOMDOM,90
CDG,2D,2C,DOMINT,90
CDG,2D,2C,INTDOM,90
CDG,2D,2C,INTINT,90
CDG,2D,2D,DOMDOM,90
CDG,2D,2D,DOMINT,90
CDG,2D,2D,INTDOM,90
CDG,2D,2D,INTINT,90
CDG,2D,2E,DOMDOM,90
CDG,2D,2E,DOMINT,90
CDG,2D,2E,INTDOM,90
CDG,2D,2E,INTINT,90
CDG,2D,2F,DOMDOM,90
CDG,2D,2F,DOMINT,90
CDG,2D,2F,INTDOM,90
CDG,2D,2F,INTINT,90
CDG,2D,2G,DOMDOM,120
CDG,2D,2G,DOMINT,120
CDG,2D,2G,INTDOM,120
CDG,2D,2G,INTINT,120
CDG,2D,3,DOMDOM,120
CDG,2D,3,DOMINT,120
CDG,2D,3,INTDOM,120
CDG,2D,3,INTINT,120
CDG,2E,1,DOMDOM,120
CDG,2E,1,DOMINT,120
CDG,2E,1,INTDOM,120
CDG,2E,1,INTINT,120
CDG,2E,2A,DOMDOM,90
CDG,2E,2A,DOMINT,90
CDG,2E,2A,INTDOM,90
CDG,2E,2A,INTINT,90
CDG,2E,2B,DOMDOM,90
CDG,2E,2B,DOMINT,90
CDG,2E,2B,INTDOM,90
CDG,2E,2B,INTINT,90
CDG,2E,2C,DOMDOM,90
CDG,2E,2C,DOMINT,90
CDG,2E,2C,INTDOM,90
CDG,2E,2C,INTINT,90
CDG,2E,2D,DOMDOM,90
CDG,2E,2D,DOMINT,90
CDG,2E,2D,INTDOM,90
CDG,2E,2D,INTINT,90
CDG,2E,2E,DOMDOM,90
CDG,2E,2E,DOMINT,90
CDG,2E,2E,INTDOM,90
CDG,2E,2E,INTINT,90
CDG,2E,2F,DOMDOM,90
CDG,2E,2F,DOMINT,90
CDG,2E,2F,INTDOM,90
CDG,2E,2F,INTINT,90
CDG,2E,2G,DOMDOM,120
CDG,2E,2G,DOMINT,120
CDG,2E,2G,INTDOM,120
CDG,2E,2G,INTINT,120
CDG,2E,3,DOMDOM,120
CDG,2E,3,DOMINT,120
CDG,2E,3,INTDOM,120
CDG,2E,3,INTINT,120
CDG,2F,1,DOMDOM,120
CDG,2F,1,DOMINT,120
CDG,2F,1,INTDOM,120
CDG,2F,1,INTINT,120
CDG,2F,2A,DOMDOM,90
CDG,2F,2A,DOMINT,90
CDG,2F,2A,INTDOM,90
CDG,2F,2A,INTINT,90
CDG,2F,2B,DOMDOM,90
CDG,2F,2B,DOMINT,90
CDG,2F,2B,INTDOM,90
CDG,2F,2B,INTINT,90
CDG,2F,2C,DOMDOM,90
CDG,2F,2C,DOMINT,90
CDG,2F,2C,INTDOM,90
CDG,2F,2C,INTINT,90
CDG,2F,2D,DOMDOM,90
CDG,2F,2D,DOMINT,90
CDG,2F,2D,INTDOM,90
CDG,2F,2D,INTINT,90
CDG,2F,2E,DOMDOM,90
CDG,2F,2E,DOMINT,90
CDG,2F,2E,INTDOM,90
CDG,2F,2E,INTINT,90
CDG,2F,2F,DOMDOM,90
CDG,2F,2F,DOMINT,90
CDG,2F,2F,INTDOM,90
CDG,2F,2F,INTINT,90
CDG,2F,2G,DOMDOM,120
CDG,2F,2G,DOMINT,120
CDG,2F,2G,INTDOM,120
CDG,2F,2G,INTINT,120
CDG,2F,3,DOMDOM,120
CDG,2F,3,DOMINT,120
CDG,2F,3,INTDOM,120
CDG,2F,3,INTINT,120
CDG,2G,1,DOMDOM,150
CDG,2G,1,DOMINT,150
CDG,2G,1,INTDOM,150
CDG,2G,1,INTINT,150
CDG,2G,2A,DOMDOM,120
CDG,2G,2A,DOMINT,120
CDG,2G,2A,INTDOM,120
CDG,2G,2A,INTINT,120
CDG,2G,2B,DOMDOM,120
CDG,2G,2B,DOMINT,120
CDG,2G,2B,INTDOM,120
CDG,2G,2B,INTINT,120
CDG,2G,2C,DOMDOM,120
CDG,2G,2C,DOMINT,120
CDG,2G,2C,INTDOM,120
CDG,2G,2C,INTINT,120
CDG,2G,2D,DOMDOM,120
CDG,2G,2D,DOMINT,120
CDG,2G,2D,INTDOM,120
CDG,2G,2D,INTINT,120
CDG,2G,2E,DOMDOM,120
CDG,2G,2E,DOMINT,120
CDG,2G,2E,INTDOM,120
CDG,2G,2E,INTINT,120
CDG,2G,2F,DOMDOM,120
CDG,2G,2F,DOMINT,120
CDG,2G,2F,INTDOM,120
CDG,2G,2F,INTINT,120
CDG,2G,2G,DOMDOM,90
CDG,2G,2G,DOMINT,90
CDG,2G,2G,INTDOM,90
CDG,2G,2G,INTINT,90
CDG,2G,3,DOMDOM,120
CDG,2G,3,DOMINT,120
CDG,2G,3,INTDOM,120
CDG,2G,3,INTINT,120
CGH,,,DOMDOM,60
CGH,,,DOMINT,90
CGH,,,INTDOM,75
CGH,,,INTINT,60
CLT,B,,INTDOM,60
CLT,,,DOMDOM,40
CLT,,,DOMINT,60
CLT,,,INTDOM,60
CLT,,,INTINT,60
CLT,,B,DOMINT,60
CPH,1,1,DOMDOM,30
CPH,1,1,DOMINT,45
CPH,1,1,INTDOM,45
CPH,1,1,INTINT,45
CPH,1,2,DOMDOM,30
CPH,1,2,DOMINT,45
CPH,1,2,INTDOM,45
CPH,1,2,INTINT,45
CPH,1,3,DOMDOM,30
CPH,1,3,DOMINT,45
CPH,1,3,INTDOM,45
CPH,1,3,INTINT,45
CPH,2,1,DOMDOM,30
CPH,2,1,DOMINT,45
CPH,2,1,INTDOM,45
CPH,2,1,INTINT,45
CPH,2,2,DOMDOM,30
CPH,2,2,DOMINT,45
CPH,2,2,INTDOM,45
CPH,2,2,INTINT,45
CPH,2,3,DOMDOM,30
CPH,2,3,DOMINT,45
CPH,2,3,INTDOM,45
CPH,2,3,INTINT,45
CPH,3,1,DOMDOM,30
CPH,3,1,DOMINT,45
CPH,3,1,INTDOM,45
CPH,3,1,INTINT,45
CPH,3,2,DOMDOM,30
CPH,3,2,DOMINT,45
CPH,3,2,INTDOM,45
CPH,3,2,INTINT,45
CPH,3,3,DOMDOM,30
CPH,3,3,DOMINT,45
CPH,3,3,INTDOM,45
CPH,3,3,INTINT,45
CUN,1,1,DOMDOM,20
CUN,1,1,DOMINT,45
CUN,1,1,INTDOM,60
CUN,1,1,INTINT,90
CUN,1,2,DOMDOM,20
CUN,1,2,DOMINT,45
CUN,1,2,INTDOM,60
CUN,1,2,INTINT,90
CUN,1,3,DOMDOM,20
CUN,1,3,DOMINT,45
CUN,1,3,INTDOM,60
CUN,1,3,INTINT,90
CUN,2,1,DOMDOM,20
CUN,2,1,DOMINT,45
CUN,2,1,INTDOM,60
CUN,2,1,INTINT,90
CUN,2,2,DOMDOM,20
CUN,2,2,DOMINT,45
CUN,2,2,INTDOM,60
CUN,2,2,INTINT,90
CUN,2,3,DOMDOM,20
CUN,2,3,DOMINT,45
CUN,2,3,INTDOM,60
CUN,2,3,INTINT,90
CUN,3,1,DOMDOM,20
CUN,3,1,DOMINT,45
CUN,3,1,INTDOM,60
CUN,3,1,INTINT,90
CUN,3,2,DOMDOM,20
CUN,3,2,DOMINT,45
CUN,3,2,INTDOM,60
CUN,3,2,INTINT,90
CUN,3,3,DOMDOM,20
CUN,3,3,DOMINT,45
CUN,3,3,INTDOM,60
CUN,3,3,INTINT,90
DCA,A,A,DOMDOM,45
DCA,A,A,DOMINT,60
DCA,A,A,INTDOM,60
DCA,A,B,DOMDOM,45
DCA,A,B,DOMINT,60
DCA,A,B,INTDOM,60
DCA,A,C,DOMDOM,45
DCA,A,C,DOMINT,60
DCA,A,C,INTDOM,60
DCA,B,A,DOMDOM,45
DCA,B,A,DOMINT,60
DCA,B,A,INTDOM,60
DCA,B,B,DOMDOM,45
DCA,B,B,DOMINT,60
DCA,B,B,INTDOM,60
DCA,B,C,DOMDOM,45
DCA,B,C,DOMINT,60
DCA,B,C,INTDOM,60
DCA,C,A,DOMDOM,45
DCA,C,A,DOMINT,60
DCA,C,A,INTDOM,60
DCA,C,B,DOMDOM,45
DCA,C,B,DOMINT,60
DCA,C,B,INTDOM,60
DCA,C,C,DOMDOM,45
DCA,C,C,DOMINT,60
DCA,C,C,INTDOM,60
DEL,1,1,DOMDOM,90
DEL,1,1,DOMINT,180
DEL,1,1,INTDOM,180
DEL,1,1,INTINT,90
DEL,1,2,DOMDOM,90
DEL,1,2,DOMINT,180
DEL,1,2,INTDOM,180
DEL,1,2,INTINT,90
DEL,1,3,DOMDOM,90
DEL,1,3,DOMINT,180
DEL,1,3,INTDOM,180
DEL,1,3,INTINT,90
DEL,2,1,DOMDOM,90
DEL,2,1,DOMINT,180
DEL,2,1,INTDOM,180
DEL,2,1,INTINT,90
DEL,2,2,DOMDOM,90
DEL,2,2,DOMINT,180
DEL,2,2,INTDOM,180
DEL,2,2,INTINT,90
DEL,2,3,DOMDOM,90
DEL,2,3,DOMINT,180
DEL,2,3,INTDOM,180
DEL,2,3,INTINT,90
DEL,3,1,DOMDOM,90
DEL,3,1,DOMINT,180
DEL,3,1,INTDOM,180
DEL,3,1,INTINT,90
DEL,3,2,DOMDOM,90
DEL,3,2,DOMINT,180
DEL,3,2,INTDOM,180
DEL,3,2,INTINT,90
DEL,3,3,DOMDOM,90
DEL,3,3,DOMINT,180
DEL,3,3,INTDOM,180
DEL,3,3,INTINT,90
DEN,,,DOMDOM,50
DEN,,,DOMINT,60
DEN,,,INTDOM,60
DEN,,,INTINT,60
DFW,0,0,DOMDOM,50
DFW,0,0,DOMINT,50
DFW,0,0,INTDOM,70
DFW,0,0,INTINT,70
DFW,0,B,DOMDOM,50
DFW,0,B,DOMINT,50
DFW,0,B,INTDOM,70
DFW,0,B,INTINT,70
DFW,0,D,DOMDOM,50
DFW,0,D,DOMINT,50
DFW,0,D,INTDOM,70
DFW,0,D,INTINT,70
DFW,0,E,DOMDOM,50
DFW,0,E,DOMINT,50
DFW,0,E,INTDOM,70
DFW,0,E,INTINT,70
DFW,B,0,DOMDOM,50
DFW,B,0,DOMINT,50
DFW,B,0,INTDOM,70
DFW,B,0,INTINT,70
DFW,B,B,DOMDOM,50
DFW,B,B,DOMINT,50
DFW,B,B,INTDOM,70
DFW,B,B,INTINT,70
DFW,B,D,DOMDOM,50
DFW,B,D,DOMINT,50
DFW,B,D,INTDOM,70
DFW,B,D,INTINT,70
DFW,B,E,DOMDOM,50
DFW,B,E,DOMINT,50
DFW,B,E,INTDOM,70
DFW,B,E,INTINT,70
DFW,D,0,DOMDOM,50
DFW,D,0,DOMINT,50
DFW,D,0,INTDOM,70
DFW,D,0,INTINT,70
DFW,D,B,DOMDOM,50
DFW,D,B,DOMINT,50
DFW,D,B,INTDOM,70
DFW,D,B,INTINT,70
DFW,D,D,DOMDOM,50
DFW,D,D,DOMINT,50
DFW,D,D,INTDOM,70
DFW,D,D,INTINT,70
DFW,D,E,DOMDOM,50
DFW,D,E,DOMINT,50
DFW,D,E,INTDOM,70
DFW,D,E,INTINT,70
DFW,E,0,DOMDOM,50
DFW,E,0,DOMINT,50
DFW,E,0,INTDOM,70
DFW,E,0,INTINT,70
DFW,E,B,DOMDOM,50
DFW,E,B,DOMINT,50
DFW,E,B,INTDOM,70
DFW,E,B,INTINT,70
DFW,E,D,DOMDOM,50
DFW,E,D,DOMINT,50
DFW,E,D,INTDOM,70
DFW,E,D,INTINT,70
DFW,E,E,DOMDOM,50
DFW,E,E,DOMINT,50
DFW,E,E,INTDOM,70
DFW,E,E,INTINT,70
DME,,,DOMDOM,60
DME,,,DOMINT,80
DME,,,INTDOM,100
DME,,,INTINT,60
DOH,,,INTINT,45
DTW,EM,N,DOMDOM,45
DTW,EM,N,DOMINT,60
DTW,EM,N,INTDOM,90
DTW,EM,N,INTINT,60
DTW,EM,EM,DOMDOM,45
DTW,EM,EM,DOMINT,60
DTW,EM,EM,INTDOM,90
DTW,EM,EM,INTINT,60
DTW,N,N,DOMDOM,45
DTW,N,N,DOMINT,60
DTW,N,N,INTDOM,90
DTW,N,N,INTINT,60
DTW,N,EM,DOMDOM,45
DTW,N,EM,DOMINT,60
DTW,N,EM,INTDOM,90
DTW,N,EM,INTINT,60
DUB,1,2,INTINT,45
DUB,2,1,INTINT,45
DUB,2,2,INTINT,45
DUB,,,INTINT,45
DUB,,,INTDOM,45
DUB,,,DOMINT,45
DUS,,,INTINT,40
DUS,,,DOMINT,40
DUS,,,INTDOM,40
DXB,1,1,INTINT,75
DXB,1,2,INTINT,75
DXB,1,3,INTINT,75
DXB,2,1,INTINT,75
DXB,2,2,INTINT,75
DXB,2,3,INTINT,75
DXB,3,1,INTINT,75
DXB,3,2,INTINT,75
DXB,3,3,INTINT,75
EWR,A,A,DOMDOM,60
EWR,A,A,DOMINT,75
EWR,A,A,INTDOM,90
EWR,A,A,INTINT,60
EWR,A,B,DOMDOM,60
EWR,A,B,DOMINT,75
EWR,A,B,INTDOM,90
EWR,A,B,INTINT,60
EWR,A,C,DOMDOM,60
EWR,A,C,DOMINT,75
EWR,A,C,INTDOM,90
EWR,A,C,INTINT,60
EWR,B,A,DOMDOM,60
EWR,B,A,DOMINT,75
EWR,B,A,INTDOM,90
EWR,B,A,INTINT,60
EWR,B,B,DOMDOM,60
EWR,B,B,DOMINT,75
EWR,B,B,INTDOM,90
EWR,B,B,INTINT,60
EWR,B,C,DOMDOM,60
EWR,B,C,DOMINT,75
EWR,B,C,INTDOM,90
EWR,B,C,INTINT,60
EWR,C,A,DOMDOM,60
EWR,C,A,DOMINT,75
EWR,C,0,DOMINT,75
EWR,C,A,INTDOM,90
EWR,C,A,INTINT,60
EWR,C,B,DOMDOM,60
EWR,C,B,DOMINT,75
EWR,C,B,INTDOM,90
EWR,C,B,INTINT,60
EWR,C,C,DOMDOM,60
EWR,C,C,DOMINT,75
EWR,C,C,INTDOM,90
EWR,C,C,INTINT,60
EZE,,,DOMDOM,60
EZE,,,DOMINT,60
EZE,,,INTDOM,60
EZE,,,INTINT,60
FCO,1,1,DOMDOM,45
FCO,1,1,DOMINT,60
FCO,1,1,INTDOM,60
FCO,1,1,INTINT,45
FCO,1,2,DOMDOM,45
FCO,1,2,DOMINT,60
FCO,1,2,INTDOM,60
FCO,1,2,INTINT,45
FCO,1,3,DOMDOM,45
FCO,1,3,DOMINT,60
FCO,1,3,INTDOM,60
FCO,1,3,INTINT,45
FCO,1,5,DOMDOM,45
FCO,1,5,DOMINT,60
FCO,1,5,INTDOM,60
FCO,1,5,INTINT,45
FCO,2,1,DOMDOM,45
FCO,2,1,DOMINT,60
FCO,2,1,INTDOM,60
FCO,2,1,INTINT,45
FCO,2,2,DOMDOM,45
FCO,2,2,DOMINT,60
FCO,2,2,INTDOM,60
FCO,2,2,INTINT,45
FCO,2,3,DOMDOM,45
FCO,2,3,DOMINT,60
FCO,2,3,INTDOM,60
FCO,2,3,INTINT,45
FCO,2,5,DOMDOM,45
FCO,2,5,DOMINT,60
FCO,2,5,INTDOM,60
FCO,2,5,INTINT,45
FCO,3,1,DOMDOM,45
FCO,3,1,DOMINT,60
FCO,3,1,INTDOM,60
FCO,3,1,INTINT,45
FCO,3,2,DOMDOM,45
FCO,3,2,DOMINT,60
FCO,3,2,INTDOM,60
FCO,3,2,INTINT,45
FCO,3,3,DOMDOM,45
FCO,3,3,DOMINT,60
FCO,3,3,INTDOM,60
FCO,3,3,INTINT,45
FCO,3,5,DOMDOM,45
FCO,3,5,DOMINT,60
FCO,3,5,INTDOM,60
FCO,3,5,INTINT,45
FCO,5,1,DOMDOM,45
FCO,5,1,DOMINT,60
FCO,5,1,INTDOM,60
FCO,5,1,INTINT,45
FCO,5,2,DOMDOM,45
FCO,5,2,DOMINT,60
FCO,5,2,INTDOM,60
FCO,5,2,INTINT,45
FCO,5,3,DOMDOM,45
FCO,5,3,DOMINT,60
FCO,5,3,INTDOM,60
FCO,5,3,INTINT,45
FCO,5,5,DOMDOM,45
FCO,5,5,DOMINT,60
FCO,5,5,INTDOM,60
FCO,5,5,INTINT,45
FLL,1,R,DOMDOM,30
FLL,1,R,DOMINT,30
FLL,1,R,INTDOM,60
FLL,1,1,DOMDOM,30
FLL,1,1,DOMINT,30
FLL,1,1,INTDOM,60
FLL,1,2,DOMDOM,30
FLL,1,2,DOMINT,30
FLL,1,2,INTDOM,60
FLL,1,3,DOMDOM,30
FLL,1,3,DOMINT,30
FLL,1,3,INTDOM,60
FLL,1,4,DOMDOM,30
FLL,1,4,DOMINT,30
FLL,1,4,INTDOM,60
FLL,1,B,DOMINT,30
FLL,1,C,DOMINT,30
FLL,2,R,DOMDOM,30
FLL,2,R,DOMINT,30
FLL,2,R,INTDOM,60
FLL,2,1,DOMDOM,30
FLL,2,1,DOMINT,30
FLL,2,1,INTDOM,60
FLL,2,2,DOMDOM,30
FLL,2,2,DOMINT,30
FLL,2,2,INTDOM,60
FLL,2,3,DOMINT,30
FLL,2,3,INTDOM,60
FLL,2,3,DOMDOM,30
FLL,2,4,DOMDOM,30
FLL,2,4,DOMINT,30
FLL,2,4,INTDOM,60
FLL,2,4,INTINT,60
FLL,3,R,DOMDOM,30
FLL,3,R,DOMINT,30
FLL,3,R,INTDOM,60
FLL,3,1,DOMDOM,30
FLL,3,1,DOMINT,30
FLL,3,1,INTDOM,60
FLL,3,2,DOMDOM,30
FLL,3,2,DOMINT,30
FLL,3,2,INTDOM,60
FLL,3,3,DOMDOM,30
FLL,3,3,DOMINT,30
FLL,3,3,INTDOM,60
FLL,3,4,DOMDOM,30
FLL,3,4,DOMINT,30
FLL,3,4,INTDOM,60
FLL,3,4,INTINT,60
FLL,3,B,DOMINT,30
FLL,3,C,DOMINT,30
FLL,4,R,DOMDOM,30
FLL,4,R,DOMINT,30
FLL,4,R,INTDOM,60
FLL,4,1,DOMDOM,30
FLL,4,1,DOMINT,30
FLL,4,1,INTDOM,60
FLL,4,2,DOMDOM,30
FLL,4,2,DOMINT,30
FLL,4,2,INTDOM,60
FLL,4,3,DOMDOM,30
FLL,4,3,DOMINT,30
FLL,4,3,INTDOM,60
FLL,4,4,DOMDOM,30
FLL,4,4,DOMINT,30
FLL,4,4,INTDOM,60
FLL,4,3,INTINT,60
FLL,4,2,INTINT,60
FLL,4,B,DOMINT,30
FLL,4,C,DOMINT,30
FLL,R,R,DOMDOM,30
FLL,R,R,DOMINT,30
FLL,R,R,INTDOM,60
FLL,R,1,DOMDOM,30
FLL,R,1,DOMINT,30
FLL,R,1,INTDOM,60
FLL,R,2,DOMDOM,30
FLL,R,2,DOMINT,30
FLL,R,2,INTDOM,60
FLL,R,3,DOMDOM,30
FLL,R,3,DOMINT,30
FLL,R,3,INTDOM,60
FLL,R,4,DOMDOM,30
FLL,R,4,DOMINT,30
FLL,R,4,INTDOM,60
FRA,1,2,INTINT,45
FRA,1,1,INTINT,45
FRA,1,TN,INTINT,45
FRA,1,1,DOMDOM,45
FRA,1,1,DOMINT,45
FRA,1,1,INTDOM,45
FRA,1,2,DOMDOM,45
FRA,1,2,DOMINT,45
FRA,1,2,INTDOM,45
FRA,2,1,DOMDOM,45
FRA,2,1,DOMINT,45
FRA,2,1,INTINT,45
FRA,2,1,INTDOM,45
FRA,2,2,DOMDOM,45
FRA,2,2,DOMINT,45
FRA,2,2,INTINT,45
FRA,2,2,INTDOM,45
GIG,1,1,DOMDOM,60
GIG,1,1,DOMINT,75
GIG,1,1,INTDOM,120
GIG,1,1,INTINT,60
GIG,1,2,DOMDOM,60
GIG,1,2,DOMINT,75
GIG,1,2,INTDOM,120
GIG,1,2,INTINT,60
GIG,2,1,DOMDOM,60
GIG,2,1,DOMINT,75
GIG,2,1,INTDOM,120
GIG,2,1,INTINT,60
GIG,2,2,DOMDOM,60
GIG,2,2,DOMINT,75
GIG,2,2,INTDOM,120
GIG,2,2,INTINT,60
GRU,1,1,DOMDOM,60
GRU,1,1,DOMINT,60
GRU,1,1,INTDOM,90
GRU,1,1,INTINT,60
GRU,1,2,DOMDOM,60
GRU,1,2,DOMINT,60
GRU,1,2,INTDOM,90
GRU,1,2,INTINT,60
GRU,2,1,DOMDOM,60
GRU,2,1,DOMINT,60
GRU,2,1,INTDOM,90
GRU,2,1,INTINT,60
GRU,2,2,DOMDOM,60
GRU,2,2,DOMINT,60
GRU,2,2,INTDOM,90
GRU,2,2,INTINT,60
GUA,,,DOMDOM,10
GUA,,,DOMINT,60
GUA,,,INTDOM,60
GUA,,,INTINT,40
GYE,,,DOMDOM,45
GYE,,,DOMINT,60
GYE,,,INTDOM,60
GYE,,,INTINT,60
HEL,1,2,INTINT,35
HEL,2,2,INTINT,35
HEL,2,1,INTINT,35
HKG,0,1,INTINT,60
HKG,1,0,INTINT,60
HKG,1,1,INTINT,50
HKG,1,2,INTINT,50
HKG,2,1,INTINT,60
HKG,2,2,INTINT,50
HND,,,INTINT,45
HND,,,INTDOM,80
HND,,,DOMINT,70
HNL,M,M,DOMDOM,75
HNL,M,R,DOMDOM,75
HNL,M,Z,DOMDOM,75
HNL,R,M,DOMDOM,75
HNL,R,Z,DOMDOM,75
HNL,Z,R,DOMDOM,75
IAD,,,DOMDOM,45
IAD,,,DOMINT,45
IAD,,,INTDOM,90
IAD,,,INTINT,90
IAD,,B,DOMINT,45
IAH,A,A,DOMDOM,45
IAH,A,A,DOMINT,60
IAH,A,A,INTDOM,60
IAH,A,A,INTINT,75
IAH,A,B,DOMDOM,45
IAH,A,B,DOMINT,60
IAH,A,B,INTDOM,60
IAH,A,B,INTINT,75
IAH,A,C,DOMDOM,45
IAH,A,C,DOMINT,60
IAH,A,C,INTDOM,60
IAH,A,C,INTINT,75
IAH,A,D,DOMDOM,45
IAH,A,D,DOMINT,60
IAH,A,D,INTDOM,60
IAH,A,D,INTINT,75
IAH,A,E,DOMDOM,45
IAH,A,E,DOMINT,60
IAH,A,E,INTDOM,60
IAH,A,E,INTINT,75
IAH,B,A,DOMDOM,45
IAH,B,A,DOMINT,60
IAH,B,A,INTDOM,60
IAH,B,A,INTINT,75
IAH,B,B,DOMDOM,45
IAH,B,B,DOMINT,60
IAH,B,B,INTDOM,60
IAH,B,B,INTINT,75
IAH,B,C,DOMDOM,45
IAH,B,C,DOMINT,60
IAH,B,C,INTDOM,60
IAH,B,C,INTINT,75
IAH,B,D,DOMDOM,45
IAH,B,D,DOMINT,60
IAH,B,D,INTDOM,60
IAH,B,D,INTINT,75
IAH,B,E,DOMDOM,45
IAH,B,E,DOMINT,60
IAH,B,E,INTDOM,60
IAH,B,E,INTINT,75
IAH,C,A,DOMDOM,45
IAH,C,A,DOMINT,60
IAH,C,A,INTDOM,60
IAH,C,A,INTINT,75
IAH,C,B,DOMDOM,45
IAH,C,B,DOMINT,60
IAH,C,B,INTDOM,60
IAH,C,B,INTINT,75
IAH,C,C,DOMDOM,45
IAH,C,C,DOMINT,60
IAH,C,C,INTDOM,60
IAH,C,C,INTINT,75
IAH,C,D,DOMDOM,45
IAH,C,D,DOMINT,60
IAH,C,D,INTDOM,60
IAH,C,D,INTINT,75
IAH,C,E,DOMDOM,45
IAH,C,E,DOMINT,60
IAH,C,E,INTDOM,60
IAH,C,E,INTINT,75
IAH,D,A,DOMDOM,45
IAH,D,A,DOMINT,60
IAH,D,A,INTDOM,60
IAH,D,A,INTINT,75
IAH,D,B,DOMDOM,45
IAH,D,B,DOMINT,60
IAH,D,B,INTDOM,60
IAH,D,B,INTINT,75
IAH,D,C,DOMDOM,45
IAH,D,C,DOMINT,60
IAH,D,C,INTDOM,60
IAH,D,C,INTINT,75
IAH,D,D,DOMDOM,45
IAH,D,D,DOMINT,60
IAH,D,D,INTDOM,60
IAH,D,D,INTINT,75
IAH,D,E,DOMDOM,45
IAH,D,E,DOMINT,60
IAH,D,E,INTDOM,60
IAH,D,E,INTINT,75
IAH,E,A,DOMDOM,45
IAH,E,A,DOMINT,60
IAH,E,A,INTDOM,60
IAH,E,A,INTINT,75
IAH,E,B,DOMDOM,45
IAH,E,B,DOMINT,60
IAH,E,B,INTDOM,60
IAH,E,B,INTINT,75
IAH,E,C,DOMDOM,45
IAH,E,C,DOMINT,60
IAH,E,C,INTDOM,60
IAH,E,C,INTINT,75
IAH,E,D,DOMDOM,45
IAH,E,D,DOMINT,60
IAH,E,D,INTDOM,60
IAH,E,D,INTINT,75
IAH,E,E,DOMDOM,45
IAH,E,E,DOMINT,60
IAH,E,E,INTDOM,60
IAH,E,E,INTINT,75
ICN,1,1,DOMDOM,40
ICN,1,1,DOMINT,100
ICN,1,1,INTDOM,100
ICN,1,1,INTINT,70
ICN,1,2,INTDOM,130
ICN,1,2,INTINT,90
ICN,2,2,INTINT,45
ICN,2,1,DOMINT,130
ICN,2,1,INTINT,90
ICN,,,DOMDOM,40
ICN,,,DOMINT,100
ICN,,,INTDOM,100
ICN,,,INTINT,70
IST,D,I,DOMINT,90
IST,D,D,DOMDOM,30
IST,I,I,INTINT,60
IST,I,I,INTDOM,75
IST,I,D,INTDOM,75
JFK,1,1,DOMDOM,60
JFK,1,1,DOMINT,75
JFK,1,1,INTDOM,105
JFK,1,1,INTINT,120
JFK,1,2,DOMDOM,60
JFK,1,2,DOMINT,75
JFK,1,2,INTDOM,105
JFK,1,2,INTINT,120
JFK,1,3,DOMDOM,60
JFK,1,3,DOMINT,75
JFK,1,3,INTDOM,105
JFK,1,3,INTINT,120
JFK,1,4,DOMDOM,60
JFK,1,4,DOMINT,75
JFK,1,4,INTDOM,105
JFK,1,4,INTINT,120
JFK,1,5,DOMDOM,60
JFK,1,5,DOMINT,75
JFK,1,5,INTDOM,105
JFK,1,5,INTINT,120
JFK,1,6,DOMDOM,60
JFK,1,6,DOMINT,75
JFK,1,6,INTDOM,105
JFK,1,6,INTINT,120
JFK,1,7,DOMDOM,60
JFK,1,7,DOMINT,75
JFK,1,7,INTDOM,105
JFK,1,7,INTINT,120
JFK,1,8,DOMDOM,60
JFK,1,8,DOMINT,75
JFK,1,8,INTDOM,105
JFK,1,8,INTINT,120
JFK,2,1,DOMDOM,60
JFK,2,1,DOMINT,75
JFK,2,1,INTDOM,105
JFK,2,1,INTINT,120
JFK,2,2,DOMDOM,60
JFK,2,2,DOMINT,75
JFK,2,2,INTDOM,105
JFK,2,2,INTINT,120
JFK,2,3,DOMDOM,60
JFK,2,3,DOMINT,75
JFK,2,3,INTDOM,105
JFK,2,3,INTINT,120
JFK,2,4,DOMDOM,60
JFK,2,4,DOMINT,75
JFK,2,4,INTDOM,105
JFK,2,4,INTINT,120
JFK,2,5,DOMDOM,60
JFK,2,5,DOMINT,75
JFK,2,5,INTDOM,105
JFK,2,5,INTINT,120
JFK,2,6,DOMDOM,60
JFK,2,6,DOMINT,75
JFK,2,6,INTDOM,105
JFK,2,6,INTINT,120
JFK,2,7,DOMDOM,60
JFK,2,7,DOMINT,75
JFK,2,7,INTDOM,105
JFK,2,7,INTINT,120
JFK,2,8,DOMDOM,60
JFK,2,8,DOMINT,75
JFK,2,8,INTDOM,105
JFK,2,8,INTINT,120
JFK,3,1,DOMDOM,60
JFK,3,1,DOMINT,75
JFK,3,1,INTDOM,105
JFK,3,1,INTINT,120
JFK,3,2,DOMDOM,60
JFK,3,2,DOMINT,75
JFK,3,2,INTDOM,105
JFK,3,2,INTINT,120
JFK,3,3,DOMDOM,60
JFK,3,3,DOMINT,75
JFK,3,3,INTDOM,105
JFK,3,3,INTINT,120
JFK,3,4,DOMDOM,60
JFK,3,4,DOMINT,75
JFK,3,4,INTDOM,105
JFK,3,4,INTINT,120
JFK,3,5,DOMDOM,60
JFK,3,5,DOMINT,75
JFK,3,5,INTDOM,105
JFK,3,5,INTINT,120
JFK,3,6,DOMDOM,60
JFK,3,6,DOMINT,75
JFK,3,6,INTDOM,105
JFK,3,6,INTINT,120
JFK,3,7,DOMDOM,60
JFK,3,7,DOMINT,75
JFK,3,7,INTDOM,105
JFK,3,7,INTINT,120
JFK,3,8,DOMDOM,60
JFK,3,8,DOMINT,75
JFK,3,8,INTDOM,105
JFK,3,8,INTINT,120
JFK,3,B,DOMINT,75
JFK,3,C,DOMINT,75
JFK,3,D,DOMINT,75
JFK,4,1,DOMDOM,60
JFK,4,1,DOMINT,75
JFK,4,1,INTDOM,105
JFK,4,1,INTINT,120
JFK,4,2,DOMDOM,60
JFK,4,2,DOMINT,75
JFK,4,2,INTDOM,105
JFK,4,2,INTINT,120
JFK,4,3,DOMDOM,60
JFK,4,3,DOMINT,75
JFK,4,3,INTDOM,105
JFK,4,3,INTINT,120
JFK,4,4,DOMDOM,60
JFK,4,4,DOMINT,75
JFK,4,4,INTDOM,105
JFK,4,4,INTINT,120
JFK,4,5,DOMDOM,60
JFK,4,5,DOMINT,75
JFK,4,5,INTDOM,105
JFK,4,5,INTINT,120
JFK,4,6,DOMDOM,60
JFK,4,6,DOMINT,75
JFK,4,6,INTDOM,105
JFK,4,6,INTINT,120
JFK,4,7,DOMDOM,60
JFK,4,7,DOMINT,75
JFK,4,7,INTDOM,105
JFK,4,7,INTINT,120
JFK,4,8,DOMDOM,60
JFK,4,8,DOMINT,75
JFK,4,8,INTDOM,105
JFK,4,8,INTINT,120
JFK,5,1,DOMDOM,60
JFK,5,1,DOMINT,75
JFK,5,1,INTDOM,105
JFK,5,1,INTINT,120
JFK,5,2,DOMDOM,60
JFK,5,2,DOMINT,75
JFK,5,2,INTDOM,105
JFK,5,2,INTINT,120
JFK,5,3,DOMDOM,60
JFK,5,3,DOMINT,75
JFK,5,3,INTDOM,105
JFK,5,3,INTINT,120
JFK,5,4,DOMDOM,60
JFK,5,4,DOMINT,75
JFK,5,4,INTDOM,105
JFK,5,4,INTINT,120
JFK,5,5,DOMDOM,60
JFK,5,5,DOMINT,75
JFK,5,5,INTDOM,105
JFK,5,5,INTINT,120
JFK,5,6,DOMDOM,60
JFK,5,6,DOMINT,75
JFK,5,6,INTDOM,105
JFK,5,6,INTINT,120
JFK,5,7,DOMDOM,60
JFK,5,7,DOMINT,75
JFK,5,7,INTDOM,105
JFK,5,7,INTINT,120
JFK,5,8,DOMDOM,60
JFK,5,8,DOMINT,75
JFK,5,8,INTDOM,105
JFK,5,8,INTINT,120
JFK,5,B,DOMINT,75
JFK,5,C,DOMINT,75
JFK,5,D,DOMINT,75
JFK,6,1,DOMDOM,60
JFK,6,1,DOMINT,75
JFK,6,1,INTDOM,105
JFK,6,1,INTINT,120
JFK,6,2,DOMDOM,60
JFK,6,2,DOMINT,75
JFK,6,2,INTDOM,105
JFK,6,2,INTINT,120
JFK,6,3,DOMDOM,60
JFK,6,3,DOMINT,75
JFK,6,3,INTDOM,105
JFK,6,3,INTINT,120
JFK,6,4,DOMDOM,60
JFK,6,4,DOMINT,75
JFK,6,4,INTDOM,105
JFK,6,4,INTINT,120
JFK,6,5,DOMDOM,60
JFK,6,5,DOMINT,75
JFK,6,5,INTDOM,105
JFK,6,5,INTINT,120
JFK,6,6,DOMDOM,60
JFK,6,6,DOMINT,75
JFK,6,6,INTDOM,105
JFK,6,6,INTINT,120
JFK,6,7,DOMDOM,60
JFK,6,7,DOMINT,75
JFK,6,7,INTDOM,105
JFK,6,7,INTINT,120
JFK,6,8,DOMDOM,60
JFK,6,8,DOMINT,75
JFK,6,8,INTDOM,105
JFK,6,8,INTINT,120
JFK,7,1,DOMDOM,60
JFK,7,1,DOMINT,75
JFK,7,1,INTDOM,105
JFK,7,1,INTINT,120
JFK,7,2,DOMDOM,60
JFK,7,2,DOMINT,75
JFK,7,2,INTDOM,105
JFK,7,2,INTINT,120
JFK,7,3,DOMDOM,60
JFK,7,3,DOMINT,75
JFK,7,3,INTDOM,105
JFK,7,3,INTINT,120
JFK,7,4,DOMDOM,60
JFK,7,4,DOMINT,75
JFK,7,4,INTDOM,105
JFK,7,4,INTINT,120
JFK,7,5,DOMDOM,60
JFK,7,5,DOMINT,75
JFK,7,5,INTDOM,105
JFK,7,5,INTINT,120
JFK,7,6,DOMDOM,60
JFK,7,6,DOMINT,75
JFK,7,6,INTDOM,105
JFK,7,6,INTINT,120
JFK,7,7,DOMDOM,60
JFK,7,7,DOMINT,75
JFK,7,7,INTDOM,105
JFK,7,7,INTINT,120
JFK,7,8,DOMDOM,60
JFK,7,8,DOMINT,75
JFK,7,8,INTDOM,105
JFK,7,8,INTINT,120
JFK,8,1,DOMDOM,60
JFK,8,1,DOMINT,75
JFK,8,1,INTDOM,105
JFK,8,1,INTINT,120
JFK,8,2,DOMDOM,60
JFK,8,2,DOMINT,75
JFK,8,2,INTDOM,105
JFK,8,2,INTINT,120
JFK,8,3,DOMDOM,60
JFK,8,3,DOMINT,75
JFK,8,3,INTDOM,105
JFK,8,3,INTINT,120
JFK,8,4,DOMDOM,60
JFK,8,4,DOMINT,75
JFK,8,4,INTDOM,105
JFK,8,4,INTINT,120
JFK,8,5,DOMDOM,60
JFK,8,5,DOMINT,75
JFK,8,5,INTDOM,105
JFK,8,5,INTINT,120
JFK,8,6,DOMDOM,60
JFK,8,6,DOMINT,75
JFK,8,6,INTDOM,105
JFK,8,6,INTINT,120
JFK,8,7,DOMDOM,60
JFK,8,7,DOMINT,75
JFK,8,7,INTDOM,105
JFK,8,7,INTINT,120
JFK,8,8,DOMDOM,60
JFK,8,8,DOMINT,75
JFK,8,8,INTDOM,105
JFK,8,8,INTINT,120
JFK,8,B,DOMINT,75
JFK,8,C,DOMINT,75
JFK,8,D,DOMINT,75
JNB,0,0,DOMDOM,60
JNB,0,0,DOMINT,90
JNB,0,0,INTDOM,90
JNB,0,0,INTINT,60
JNB,0,A,DOMDOM,60
JNB,0,A,DOMINT,90
JNB,0,A,INTDOM,90
JNB,0,A,INTINT,60
JNB,0,B,DOMDOM,60
JNB,0,B,DOMINT,90
JNB,0,B,INTDOM,90
JNB,0,B,INTINT,60
JNB,A,0,DOMDOM,60
JNB,A,0,DOMINT,90
JNB,A,0,INTDOM,90
JNB,A,0,INTINT,60
JNB,A,A,DOMDOM,60
JNB,A,A,DOMINT,90
JNB,A,A,INTDOM,90
JNB,A,A,INTINT,60
JNB,A,B,DOMDOM,60
JNB,A,B,DOMINT,90
JNB,A,B,INTDOM,90
JNB,A,B,INTINT,60
JNB,B,0,DOMDOM,60
JNB,B,0,DOMINT,90
JNB,B,0,INTDOM,90
JNB,B,0,INTINT,60
JNB,B,A,DOMDOM,60
JNB,B,A,DOMINT,90
JNB,B,A,INTDOM,90
JNB,B,A,INTINT,60
JNB,B,B,DOMDOM,60
JNB,B,B,DOMINT,90
JNB,B,B,INTDOM,90
JNB,B,B,INTINT,60
KBP,A,B,DOMDOM,120
KBP,A,B,DOMINT,120
KBP,A,B,INTDOM,120
KBP,A,F,DOMDOM,120
KBP,A,F,DOMINT,120
KBP,A,F,INTDOM,120
KBP,B,A,DOMDOM,120
KBP,B,A,DOMINT,120
KBP,B,A,INTDOM,120
KBP,B,F,DOMDOM,120
KBP,B,F,DOMINT,120
KBP,B,F,INTDOM,120
KBP,B,B,INTINT,55
KBP,B,F,INTINT,55
KBP,F,A,DOMDOM,120
KBP,F,A,DOMINT,120
KBP,F,A,INTDOM,120
KBP,F,B,DOMDOM,120
KBP,F,B,DOMINT,120
KBP,F,B,INTDOM,120
KBP,F,B,INTINT,55
KEF,,,INTINT,45
LAS,1,1,DOMDOM,35
LAS,1,1,DOMINT,60
LAS,1,1,INTDOM,60
LAS,1,1,INTINT,60
LAS,1,2,DOMDOM,35
LAS,1,2,DOMINT,60
LAS,1,2,INTDOM,60
LAS,1,2,INTINT,60
LAS,2,1,DOMDOM,35
LAS,2,1,DOMINT,60
LAS,2,1,INTDOM,60
LAS,2,1,INTINT,60
LAS,2,2,DOMDOM,35
LAS,2,2,DOMINT,60
LAS,2,2,INTDOM,60
LAS,2,2,INTINT,60
LAX,1,1,DOMDOM,70
LAX,1,1,DOMINT,90
LAX,1,1,INTDOM,120
LAX,1,1,INTINT,120
LAX,1,2,DOMDOM,70
LAX,1,2,DOMINT,90
LAX,1,2,INTDOM,120
LAX,1,2,INTINT,120
LAX,1,3,DOMDOM,70
LAX,1,3,DOMINT,90
LAX,1,3,INTDOM,120
LAX,1,3,INTINT,120
LAX,1,4,DOMDOM,70
LAX,1,4,DOMINT,90
LAX,1,4,INTDOM,120
LAX,1,4,INTINT,120
LAX,1,5,DOMDOM,70
LAX,1,5,DOMINT,90
LAX,1,5,INTDOM,120
LAX,1,5,INTINT,120
LAX,1,6,DOMDOM,70
LAX,1,6,DOMINT,90
LAX,1,6,INTDOM,120
LAX,1,6,INTINT,120
LAX,1,7,DOMDOM,70
LAX,1,7,DOMINT,90
LAX,1,7,INTDOM,120
LAX,1,7,INTINT,120
LAX,1,8,DOMDOM,70
LAX,1,8,DOMINT,90
LAX,1,8,INTDOM,120
LAX,1,8,INTINT,120
LAX,1,B,DOMDOM,70
LAX,1,B,DOMINT,90
LAX,1,B,INTDOM,120
LAX,1,B,INTINT,120
LAX,2,1,DOMDOM,70
LAX,2,1,DOMINT,90
LAX,2,1,INTDOM,120
LAX,2,1,INTINT,120
LAX,2,2,DOMDOM,70
LAX,2,2,DOMINT,90
LAX,2,2,INTDOM,120
LAX,2,2,INTINT,120
LAX,2,3,DOMDOM,70
LAX,2,3,DOMINT,90
LAX,2,3,INTDOM,120
LAX,2,3,INTINT,120
LAX,2,4,DOMDOM,70
LAX,2,4,DOMINT,90
LAX,2,4,INTDOM,120
LAX,2,4,INTINT,120
LAX,2,5,DOMDOM,70
LAX,2,5,DOMINT,90
LAX,2,5,INTDOM,120
LAX,2,5,INTINT,120
LAX,2,6,DOMDOM,70
LAX,2,6,DOMINT,90
LAX,2,6,INTDOM,120
LAX,2,6,INTINT,120
LAX,2,7,DOMDOM,70
LAX,2,7,DOMINT,90
LAX,2,7,INTDOM,120
LAX,2,7,INTINT,120
LAX,2,8,DOMDOM,70
LAX,2,8,DOMINT,90
LAX,2,8,INTDOM,120
LAX,2,8,INTINT,120
LAX,2,B,DOMDOM,70
LAX,2,B,DOMINT,90
LAX,2,B,INTDOM,120
LAX,2,B,INTINT,120
LAX,3,1,DOMDOM,70
LAX,3,1,DOMINT,90
LAX,3,1,INTDOM,120
LAX,3,1,INTINT,120
LAX,3,2,DOMDOM,70
LAX,3,2,DOMINT,90
LAX,3,2,INTDOM,120
LAX,3,2,INTINT,120
LAX,3,3,DOMDOM,70
LAX,3,3,DOMINT,90
LAX,3,3,INTDOM,120
LAX,3,3,INTINT,120
LAX,3,4,DOMDOM,70
LAX,3,4,DOMINT,90
LAX,3,4,INTDOM,120
LAX,3,4,INTINT,120
LAX,3,5,DOMDOM,70
LAX,3,5,DOMINT,90
LAX,3,5,INTDOM,120
LAX,3,5,INTINT,120
LAX,3,6,DOMDOM,70
LAX,3,6,DOMINT,90
LAX,3,6,INTDOM,120
LAX,3,6,INTINT,120
LAX,3,7,DOMDOM,70
LAX,3,7,DOMINT,90
LAX,3,7,INTDOM,120
LAX,3,7,INTINT,120
LAX,3,8,DOMDOM,70
LAX,3,8,DOMINT,90
LAX,3,8,INTDOM,120
LAX,3,8,INTINT,120
LAX,3,B,DOMDOM,70
LAX,3,B,DOMINT,90
LAX,3,B,INTDOM,120
LAX,3,B,INTINT,120
LAX,4,1,DOMDOM,70
LAX,4,1,DOMINT,90
LAX,4,1,INTDOM,120
LAX,4,1,INTINT,120
LAX,4,2,DOMDOM,70
LAX,4,2,DOMINT,90
LAX,4,2,INTDOM,120
LAX,4,2,INTINT,120
LAX,4,3,DOMDOM,70
LAX,4,3,DOMINT,90
LAX,4,3,INTDOM,120
LAX,4,3,INTINT,120
LAX,4,4,DOMDOM,70
LAX,4,4,DOMINT,90
LAX,4,4,INTDOM,120
LAX,4,4,INTINT,120
LAX,4,5,DOMDOM,70
LAX,4,5,DOMINT,90
LAX,4,5,INTDOM,120
LAX,4,5,INTINT,120
LAX,4,6,DOMDOM,70
LAX,4,6,DOMINT,90
LAX,4,6,INTDOM,120
LAX,4,6,INTINT,120
LAX,4,7,DOMDOM,70
LAX,4,7,DOMINT,90
LAX,4,7,INTDOM,120
LAX,4,7,INTINT,120
LAX,4,8,DOMDOM,70
LAX,4,8,DOMINT,90
LAX,4,8,INTDOM,120
LAX,4,8,INTINT,120
LAX,4,B,DOMDOM,70
LAX,4,B,DOMINT,90
LAX,4,B,INTDOM,120
LAX,4,B,INTINT,120
LAX,5,1,DOMDOM,70
LAX,5,1,DOMINT,90
LAX,5,1,INTDOM,120
LAX,5,1,INTINT,120
LAX,5,2,DOMDOM,70
LAX,5,2,DOMINT,90
LAX,5,2,INTDOM,120
LAX,5,2,INTINT,120
LAX,5,3,DOMDOM,70
LAX,5,3,DOMINT,90
LAX,5,3,INTDOM,120
LAX,5,3,INTINT,120
LAX,5,4,DOMDOM,70
LAX,5,4,DOMINT,90
LAX,5,4,INTDOM,120
LAX,5,4,INTINT,120
LAX,5,5,DOMDOM,70
LAX,5,5,DOMINT,90
LAX,5,5,INTDOM,120
LAX,5,5,INTINT,120
LAX,5,6,DOMDOM,70
LAX,5,6,DOMINT,90
LAX,5,6,INTDOM,120
LAX,5,6,INTINT,120
LAX,5,7,DOMDOM,70
LAX,5,7,DOMINT,90
LAX,5,7,INTDOM,120
LAX,5,7,INTINT,120
LAX,5,8,DOMDOM,70
LAX,5,8,DOMINT,90
LAX,5,8,INTDOM,120
LAX,5,8,INTINT,120
LAX,5,B,DOMDOM,70
LAX,5,B,DOMINT,90
LAX,5,B,INTDOM,120
LAX,5,B,INTINT,120
LAX,6,1,DOMDOM,70
LAX,6,1,DOMINT,90
LAX,6,1,INTDOM,120
LAX,6,1,INTINT,120
LAX,6,2,DOMDOM,70
LAX,6,2,DOMINT,90
LAX,6,2,INTDOM,120
LAX,6,2,INTINT,120
LAX,6,3,DOMDOM,70
LAX,6,3,DOMINT,90
LAX,6,3,INTDOM,120
LAX,6,3,INTINT,120
LAX,6,4,DOMDOM,70
LAX,6,4,DOMINT,90
LAX,6,4,INTDOM,120
LAX,6,4,INTINT,120
LAX,6,5,DOMDOM,70
LAX,6,5,DOMINT,90
LAX,6,5,INTDOM,120
LAX,6,5,INTINT,120
LAX,6,6,DOMDOM,70
LAX,6,6,DOMINT,90
LAX,6,6,INTDOM,120
LAX,6,6,INTINT,120
LAX,6,7,DOMDOM,70
LAX,6,7,DOMINT,90
LAX,6,7,INTDOM,120
LAX,6,7,INTINT,120
LAX,6,8,DOMDOM,70
LAX,6,8,DOMINT,90
LAX,6,8,INTDOM,120
LAX,6,8,INTINT,120
LAX,6,B,DOMDOM,70
LAX,6,B,DOMINT,90
LAX,6,B,INTDOM,120
LAX,6,B,INTINT,120
LAX,7,1,DOMDOM,70
LAX,7,1,DOMINT,90
LAX,7,1,INTDOM,120
LAX,7,1,INTINT,120
LAX,7,2,DOMDOM,70
LAX,7,2,DOMINT,90
LAX,7,2,INTDOM,120
LAX,7,2,INTINT,120
LAX,7,3,DOMDOM,70
LAX,7,3,DOMINT,90
LAX,7,3,INTDOM,120
LAX,7,3,INTINT,120
LAX,7,4,DOMDOM,70
LAX,7,4,DOMINT,90
LAX,7,4,INTDOM,120
LAX,7,4,INTINT,120
LAX,7,5,DOMDOM,70
LAX,7,5,DOMINT,90
LAX,7,5,INTDOM,120
LAX,7,5,INTINT,120
LAX,7,6,DOMDOM,70
LAX,7,6,DOMINT,90
LAX,7,6,INTDOM,120
LAX,7,6,INTINT,120
LAX,7,7,DOMDOM,70
LAX,7,7,DOMINT,90
LAX,7,7,INTDOM,120
LAX,7,7,INTINT,120
LAX,7,8,DOMDOM,70
LAX,7,8,DOMINT,90
LAX,7,8,INTDOM,120
LAX,7,8,INTINT,120
LAX,7,B,DOMDOM,70
LAX,7,B,DOMINT,90
LAX,7,B,INTDOM,120
LAX,7,B,INTINT,120
LAX,8,1,DOMDOM,70
LAX,8,1,DOMINT,90
LAX,8,1,INTDOM,120
LAX,8,1,INTINT,120
LAX,8,2,DOMDOM,70
LAX,8,2,DOMINT,90
LAX,8,2,INTDOM,120
LAX,8,2,INTINT,120
LAX,8,3,DOMDOM,70
LAX,8,3,DOMINT,90
LAX,8,3,INTDOM,120
LAX,8,3,INTINT,120
LAX,8,4,DOMDOM,70
LAX,8,4,DOMINT,90
LAX,8,4,INTDOM,120
LAX,8,4,INTINT,120
LAX,8,5,DOMDOM,70
LAX,8,5,DOMINT,90
LAX,8,5,INTDOM,120
LAX,8,5,INTINT,120
LAX,8,6,DOMDOM,70
LAX,8,6,DOMINT,90
LAX,8,6,INTDOM,120
LAX,8,6,INTINT,120
LAX,8,7,DOMDOM,70
LAX,8,7,DOMINT,90
LAX,8,7,INTDOM,120
LAX,8,7,INTINT,120
LAX,8,8,DOMDOM,70
LAX,8,8,DOMINT,90
LAX,8,8,INTDOM,120
LAX,8,8,INTINT,120
LAX,8,B,DOMDOM,70
LAX,8,B,DOMINT,90
LAX,8,B,INTDOM,120
LAX,8,B,INTINT,120
LAX,B,1,DOMDOM,70
LAX,B,1,DOMINT,90
LAX,B,1,INTDOM,120
LAX,B,1,INTINT,120
LAX,B,2,DOMDOM,70
LAX,B,2,DOMINT,90
LAX,B,2,INTDOM,120
LAX,B,2,INTINT,120
LAX,B,3,DOMDOM,70
LAX,B,3,DOMINT,90
LAX,B,3,INTDOM,120
LAX,B,3,INTINT,120
LAX,B,4,DOMDOM,70
LAX,B,4,DOMINT,90
LAX,B,4,INTDOM,120
LAX,B,4,INTINT,120
LAX,B,5,DOMDOM,70
LAX,B,5,DOMINT,90
LAX,B,5,INTDOM,120
LAX,B,5,INTINT,120
LAX,B,6,DOMDOM,70
LAX,B,6,DOMINT,90
LAX,B,6,INTDOM,120
LAX,B,6,INTINT,120
LAX,B,7,DOMDOM,70
LAX,B,7,DOMINT,90
LAX,B,7,INTDOM,120
LAX,B,7,INTINT,120
LAX,B,8,DOMDOM,70
LAX,B,8,DOMINT,90
LAX,B,8,INTDOM,120
LAX,B,8,INTINT,120
LAX,B,B,DOMDOM,70
LAX,B,B,DOMINT,90
LAX,B,B,INTDOM,120
LAX,B,B,INTINT,120
LED,1,1,DOMDOM,60
LED,1,1,DOMINT,180
LED,1,1,INTDOM,180
LED,1,1,INTINT,60
LED,1,2,DOMDOM,60
LED,1,2,DOMINT,180
LED,1,2,INTDOM,180
LED,1,2,INTINT,60
LED,2,1,DOMDOM,60
LED,2,1,DOMINT,180
LED,2,1,INTDOM,180
LED,2,1,INTINT,60
LED,2,2,DOMDOM,60
LED,2,2,DOMINT,180
LED,2,2,INTDOM,180
LED,2,2,INTINT,60
LGA,B,B,DOMDOM,45
LGA,B,B,DOMINT,60
LGA,B,B,INTDOM,60
LGA,B,B,INTINT,60
LGA,B,C,DOMDOM,45
LGA,B,C,DOMINT,60
LGA,B,C,INTDOM,60
LGA,B,C,INTINT,60
LGA,B,D,DOMDOM,45
LGA,B,D,DOMINT,60
LGA,B,D,INTDOM,60
LGA,B,D,INTINT,60
LGA,C,B,DOMDOM,45
LGA,C,B,DOMINT,60
LGA,C,B,INTDOM,60
LGA,C,B,INTINT,60
LGA,C,C,DOMDOM,45
LGA,C,C,DOMINT,60
LGA,C,C,INTDOM,60
LGA,C,C,INTINT,60
LGA,C,D,DOMDOM,45
LGA,C,D,DOMINT,60
LGA,C,D,INTDOM,60
LGA,C,D,INTINT,60
LGA,D,B,DOMDOM,45
LGA,D,B,DOMINT,60
LGA,D,B,INTDOM,60
LGA,D,B,INTINT,60
LGA,D,C,DOMDOM,45
LGA,D,C,DOMINT,60
LGA,D,C,INTDOM,60
LGA,D,C,INTINT,60
LGA,D,D,DOMDOM,45
LGA,D,D,DOMINT,60
